ID,session,run,Variable,Value,mean_value,subject_variable,row_number
1,1,1,aor,1.648,0.246,1_aor,1
1,1,2,aor,-0.977,0.246,1_aor,2
2,1,1,aor,-0.329,0.246,2_aor,3
2,1,2,aor,0.248,0.246,2_aor,4
3,1,1,aor,-0.079,0.246,3_aor,5
3,1,2,aor,-0.717,0.246,3_aor,6
4,1,1,aor,-1.284,0.246,4_aor,7
4,1,2,aor,-0.156,0.246,4_aor,8
5,1,1,aor,1.571,0.246,5_aor,9
5,1,2,aor,-0.749,0.246,5_aor,10
6,1,1,aor,0.702,0.246,6_aor,11
6,1,2,aor,-1.16,0.246,6_aor,12
7,1,1,aor,1.284,0.246,7_aor,13
7,1,2,aor,-1.045,0.246,7_aor,14
8,1,1,aor,1.477,0.246,8_aor,15
8,1,2,aor,-0.85,0.246,8_aor,16
9,1,1,aor,1.262,0.246,9_aor,17
9,1,2,aor,0.292,0.246,9_aor,18
10,1,1,aor,-1.102,0.246,10_aor,19
10,1,2,aor,-1.59,0.246,10_aor,20
11,1,1,aor,-0.822,0.246,11_aor,21
11,1,2,aor,-0.953,0.246,11_aor,22
12,1,1,aor,1.663,0.246,12_aor,23
12,1,2,aor,-0.193,0.246,12_aor,24
13,1,1,aor,0.473,0.246,13_aor,25
13,1,2,aor,0.865,0.246,13_aor,26
14,1,1,aor,-1.074,0.246,14_aor,27
14,1,2,aor,0.34,0.246,14_aor,28
15,1,1,aor,-0.487,0.246,15_aor,29
15,1,2,aor,0.454,0.246,15_aor,30
16,1,1,aor,0.981,0.246,16_aor,31
16,1,2,aor,0.854,0.246,16_aor,32
17,1,1,aor,1.348,0.246,17_aor,33
17,1,2,aor,-0.953,0.246,17_aor,34
18,1,1,aor,-1.109,0.246,18_aor,35
18,1,2,aor,-1.511,0.246,18_aor,36
19,1,1,aor,-1.628,0.246,19_aor,37
19,1,2,aor,-1.167,0.246,19_aor,38
20,1,1,aor,1.678,0.246,20_aor,39
20,1,2,aor,-1.208,0.246,20_aor,40
21,1,1,aor,-1.571,0.246,21_aor,41
21,1,2,aor,1.359,0.246,21_aor,42
22,1,1,aor,1.278,0.246,22_aor,43
22,1,2,aor,-0.307,0.246,22_aor,44
23,1,1,aor,-1.26,0.246,23_aor,45
23,1,2,aor,1.232,0.246,23_aor,46
24,1,1,aor,1.308,0.246,24_aor,47
24,1,2,aor,0.232,0.246,24_aor,48
25,1,1,aor,1.039,0.246,25_aor,49
25,1,2,aor,-0.082,0.246,25_aor,50
26,1,1,aor,0.257,0.246,26_aor,51
26,1,2,aor,0.613,0.246,26_aor,52
27,1,1,aor,0.419,0.246,27_aor,53
27,1,2,aor,0.536,0.246,27_aor,54
28,1,1,aor,0.451,0.246,28_aor,55
28,1,2,aor,-1.312,0.246,28_aor,56
29,1,1,aor,-1.116,0.246,29_aor,57
29,1,2,aor,0.897,0.246,29_aor,58
30,1,1,aor,1.302,0.246,30_aor,59
30,1,2,aor,-0.722,0.246,30_aor,60
31,1,1,aor,-1.298,0.246,31_aor,61
31,1,2,aor,1.233,0.246,31_aor,62
32,1,1,aor,-0.982,0.246,32_aor,63
32,1,2,aor,-1.314,0.246,32_aor,64
33,1,1,aor,-1.543,0.246,33_aor,65
33,1,2,aor,0.366,0.246,33_aor,66
34,1,1,aor,0.688,0.246,34_aor,67
34,1,2,aor,0.5,0.246,34_aor,68
35,1,1,aor,-0.296,0.246,35_aor,69
35,1,2,aor,1.635,0.246,35_aor,70
36,1,1,aor,-0.837,0.246,36_aor,71
36,1,2,aor,0.959,0.246,36_aor,72
37,1,1,aor,-1.407,0.246,37_aor,73
37,1,2,aor,1.597,0.246,37_aor,74
38,1,1,aor,1.336,0.246,38_aor,75
38,1,2,aor,-0.419,0.246,38_aor,76
39,1,1,aor,1.422,0.246,39_aor,77
39,1,2,aor,-0.731,0.246,39_aor,78
40,1,1,aor,-0.841,0.246,40_aor,79
40,1,2,aor,-0.303,0.246,40_aor,80
41,1,1,aor,-0.073,0.246,41_aor,81
41,1,2,aor,1.229,0.246,41_aor,82
42,1,1,aor,0.059,0.246,42_aor,83
42,1,2,aor,-1.316,0.246,42_aor,84
43,1,1,aor,1.276,0.246,43_aor,85
43,1,2,aor,0.155,0.246,43_aor,86
44,1,1,aor,-1.186,0.246,44_aor,87
44,1,2,aor,1.247,0.246,44_aor,88
45,1,1,aor,-1.34,0.246,45_aor,89
45,1,2,aor,0.027,0.246,45_aor,90
46,1,1,aor,-0.856,0.246,46_aor,91
46,1,2,aor,-0.613,0.246,46_aor,92
47,1,1,aor,0.921,0.246,47_aor,93
47,1,2,aor,-1.031,0.246,47_aor,94
48,1,1,aor,0.979,0.246,48_aor,95
48,1,2,aor,0.933,0.246,48_aor,96
49,1,1,aor,-0.391,0.246,49_aor,97
49,1,2,aor,-1.392,0.246,49_aor,98
50,1,1,aor,-0.239,0.246,50_aor,99
50,1,2,aor,-1.295,0.246,50_aor,100
51,1,1,aor,-0.019,0.246,51_aor,101
51,1,2,aor,0.152,0.246,51_aor,102
52,1,1,aor,-1.501,0.246,52_aor,103
52,1,2,aor,-0.742,0.246,52_aor,104
53,1,1,aor,0.97,0.246,53_aor,105
53,1,2,aor,-0.704,0.246,53_aor,106
54,1,1,aor,-0.769,0.246,54_aor,107
54,1,2,aor,-0.763,0.246,54_aor,108
55,1,1,aor,-0.574,0.246,55_aor,109
55,1,2,aor,0.174,0.246,55_aor,110
56,1,1,aor,0.716,0.246,56_aor,111
56,1,2,aor,-0.219,0.246,56_aor,112
57,1,1,aor,0.911,0.246,57_aor,113
57,1,2,aor,-1.407,0.246,57_aor,114
58,1,1,aor,0.815,0.246,58_aor,115
58,1,2,aor,-0.026,0.246,58_aor,116
59,1,1,aor,-1.603,0.246,59_aor,117
59,1,2,aor,1.368,0.246,59_aor,118
60,1,1,aor,1.394,0.246,60_aor,119
60,1,2,aor,-0.014,0.246,60_aor,120
61,1,1,aor,0.836,0.246,61_aor,121
61,1,2,aor,-0.343,0.246,61_aor,122
62,1,1,aor,1.529,0.246,62_aor,123
62,1,2,aor,1.439,0.246,62_aor,124
63,1,1,aor,-1.05,0.246,63_aor,125
63,1,2,aor,-1.296,0.246,63_aor,126
64,1,1,aor,-0.115,0.246,64_aor,127
64,1,2,aor,0.607,0.246,64_aor,128
65,1,1,aor,-0.821,0.246,65_aor,129
65,1,2,aor,1.213,0.246,65_aor,130
66,1,1,aor,0.433,0.246,66_aor,131
66,1,2,aor,1.557,0.246,66_aor,132
67,1,1,aor,-0.801,0.246,67_aor,133
67,1,2,aor,-0.627,0.246,67_aor,134
68,1,1,aor,1.183,0.246,68_aor,135
68,1,2,aor,1.351,0.246,68_aor,136
69,1,1,aor,1.691,0.246,69_aor,137
69,1,2,aor,-1.497,0.246,69_aor,138
70,1,1,aor,0.667,0.246,70_aor,139
70,1,2,aor,0.916,0.246,70_aor,140
71,1,1,aor,-0.903,0.246,71_aor,141
71,1,2,aor,-1.334,0.246,71_aor,142
72,1,1,aor,-0.811,0.246,72_aor,143
72,1,2,aor,-0.551,0.246,72_aor,144
73,1,1,aor,-1.592,0.246,73_aor,145
73,1,2,aor,0.755,0.246,73_aor,146
74,1,1,aor,1.66,0.246,74_aor,147
74,1,2,aor,-0.535,0.246,74_aor,148
75,1,1,aor,0.505,0.246,75_aor,149
75,1,2,aor,-0.724,0.246,75_aor,150
76,1,1,aor,-0.886,0.246,76_aor,151
76,1,2,aor,1.572,0.246,76_aor,152
77,1,1,aor,-0.514,0.246,77_aor,153
77,1,2,aor,-1.05,0.246,77_aor,154
78,1,1,aor,-1.152,0.246,78_aor,155
78,1,2,aor,0.02,0.246,78_aor,156
79,1,1,aor,0.551,0.246,79_aor,157
79,1,2,aor,0.706,0.246,79_aor,158
80,1,1,aor,-1.246,0.246,80_aor,159
80,1,2,aor,-0.493,0.246,80_aor,160
81,1,1,aor,0.515,0.246,81_aor,161
81,1,2,aor,-1.473,0.246,81_aor,162
82,1,1,aor,-0.265,0.246,82_aor,163
82,1,2,aor,1.042,0.246,82_aor,164
83,1,1,aor,0.544,0.246,83_aor,165
83,1,2,aor,1.543,0.246,83_aor,166
84,1,1,aor,0.069,0.246,84_aor,167
84,1,2,aor,1.475,0.246,84_aor,168
85,1,1,aor,1.13,0.246,85_aor,169
85,1,2,aor,1.618,0.246,85_aor,170
86,1,1,aor,0.346,0.246,86_aor,171
86,1,2,aor,1.592,0.246,86_aor,172
87,1,1,aor,-1.576,0.246,87_aor,173
87,1,2,aor,0.228,0.246,87_aor,174
88,1,1,aor,-0.6,0.246,88_aor,175
88,1,2,aor,1.078,0.246,88_aor,176
89,1,1,aor,1.361,0.246,89_aor,177
89,1,2,aor,-0.234,0.246,89_aor,178
90,1,1,aor,-0.564,0.246,90_aor,179
90,1,2,aor,1.026,0.246,90_aor,180
91,1,1,aor,-0.208,0.246,91_aor,181
91,1,2,aor,1.166,0.246,91_aor,182
92,1,1,aor,-0.775,0.246,92_aor,183
92,1,2,aor,-0.752,0.246,92_aor,184
93,1,1,aor,-1.369,0.246,93_aor,185
93,1,2,aor,0.985,0.246,93_aor,186
94,1,1,aor,0.674,0.246,94_aor,187
94,1,2,aor,1.041,0.246,94_aor,188
95,1,1,aor,-1.358,0.246,95_aor,189
95,1,2,aor,-0.225,0.246,95_aor,190
96,1,1,aor,-1.15,0.246,96_aor,191
96,1,2,aor,-0.899,0.246,96_aor,192
97,1,1,aor,-1.008,0.246,97_aor,193
97,1,2,aor,-1.196,0.246,97_aor,194
98,1,1,aor,0.322,0.246,98_aor,195
98,1,2,aor,1.232,0.246,98_aor,196
99,1,1,aor,1.402,0.246,99_aor,197
99,1,2,aor,1.476,0.246,99_aor,198
100,1,1,aor,-1.232,0.246,100_aor,199
100,1,2,aor,0.184,0.246,100_aor,200
101,1,1,aor,-1.311,0.246,101_aor,201
101,1,2,aor,-1.119,0.246,101_aor,202
102,1,1,aor,-1.527,0.246,102_aor,203
102,1,2,aor,-1.567,0.246,102_aor,204
103,1,1,aor,-1.182,0.246,103_aor,205
103,1,2,aor,-1.425,0.246,103_aor,206
104,1,1,aor,0.239,0.246,104_aor,207
104,1,2,aor,-0.974,0.246,104_aor,208
105,1,1,aor,0.913,0.246,105_aor,209
105,1,2,aor,0.401,0.246,105_aor,210
106,1,1,aor,0.117,0.246,106_aor,211
106,1,2,aor,-1.29,0.246,106_aor,212
107,1,1,aor,-1.402,0.246,107_aor,213
107,1,2,aor,-1.232,0.246,107_aor,214
108,1,1,aor,0.113,0.246,108_aor,215
108,1,2,aor,0.864,0.246,108_aor,216
109,1,1,aor,-0.381,0.246,109_aor,217
109,1,2,aor,0.588,0.246,109_aor,218
110,1,1,aor,0.034,0.246,110_aor,219
110,1,2,aor,-0.719,0.246,110_aor,220
111,1,1,aor,-0.622,0.246,111_aor,221
111,1,2,aor,-1.329,0.246,111_aor,222
112,1,1,aor,0.956,0.246,112_aor,223
112,1,2,aor,1.129,0.246,112_aor,224
113,1,1,aor,-1.021,0.246,113_aor,225
113,1,2,aor,0.215,0.246,113_aor,226
114,1,1,aor,-1.041,0.246,114_aor,227
114,1,2,aor,0.299,0.246,114_aor,228
115,1,1,aor,1.308,0.246,115_aor,229
115,1,2,aor,0.976,0.246,115_aor,230
116,1,1,aor,-0.13,0.246,116_aor,231
116,1,2,aor,-0.928,0.246,116_aor,232
117,1,1,aor,0.062,0.246,117_aor,233
117,1,2,aor,1.722,0.246,117_aor,234
118,1,1,aor,-1.477,0.246,118_aor,235
118,1,2,aor,0.603,0.246,118_aor,236
119,1,1,aor,-0.189,0.246,119_aor,237
119,1,2,aor,0.974,0.246,119_aor,238
120,1,1,aor,1.259,0.246,120_aor,239
120,1,2,aor,0.755,0.246,120_aor,240
121,1,1,aor,-0.484,0.246,121_aor,241
121,1,2,aor,1.06,0.246,121_aor,242
122,1,1,aor,-0.387,0.246,122_aor,243
122,1,2,aor,0.496,0.246,122_aor,244
123,1,1,aor,0.556,0.246,123_aor,245
123,1,2,aor,-0.549,0.246,123_aor,246
124,1,1,aor,-1.097,0.246,124_aor,247
124,1,2,aor,-0.703,0.246,124_aor,248
125,1,1,aor,-0.655,0.246,125_aor,249
125,1,2,aor,1.181,0.246,125_aor,250
126,1,1,aor,-0.625,0.246,126_aor,251
126,1,2,aor,0.582,0.246,126_aor,252
127,1,1,aor,0.471,0.246,127_aor,253
127,1,2,aor,0.659,0.246,127_aor,254
128,1,1,aor,1.604,0.246,128_aor,255
128,1,2,aor,-0.267,0.246,128_aor,256
129,1,1,aor,1.071,0.246,129_aor,257
129,1,2,aor,1.258,0.246,129_aor,258
130,1,1,aor,0.931,0.246,130_aor,259
130,1,2,aor,-0.472,0.246,130_aor,260
131,1,1,aor,0.975,0.246,131_aor,261
131,1,2,aor,1.489,0.246,131_aor,262
132,1,1,aor,-0.772,0.246,132_aor,263
132,1,2,aor,-0.582,0.246,132_aor,264
133,1,1,aor,1.595,0.246,133_aor,265
133,1,2,aor,-0.945,0.246,133_aor,266
134,1,1,aor,-0.987,0.246,134_aor,267
134,1,2,aor,0.295,0.246,134_aor,268
135,1,1,aor,-0.775,0.246,135_aor,269
135,1,2,aor,0.285,0.246,135_aor,270
136,1,1,aor,1.601,0.246,136_aor,271
136,1,2,aor,1.492,0.246,136_aor,272
137,1,1,aor,-0.339,0.246,137_aor,273
137,1,2,aor,-1.406,0.246,137_aor,274
138,1,1,aor,0.525,0.246,138_aor,275
138,1,2,aor,1.003,0.246,138_aor,276
139,1,1,aor,-1.195,0.246,139_aor,277
139,1,2,aor,0.331,0.246,139_aor,278
140,1,1,aor,0.171,0.246,140_aor,279
140,1,2,aor,1.059,0.246,140_aor,280
141,1,1,aor,-1.404,0.246,141_aor,281
141,1,2,aor,-0.242,0.246,141_aor,282
142,1,1,aor,1.324,0.246,142_aor,283
142,1,2,aor,0.739,0.246,142_aor,284
143,1,1,aor,-0.798,0.246,143_aor,285
143,1,2,aor,-0.894,0.246,143_aor,286
144,1,1,aor,-1.2,0.246,144_aor,287
144,1,2,aor,1.201,0.246,144_aor,288
145,1,1,aor,-1.182,0.246,145_aor,289
145,1,2,aor,-1.477,0.246,145_aor,290
146,1,1,aor,-0.465,0.246,146_aor,291
146,1,2,aor,-0.336,0.246,146_aor,292
147,1,1,aor,0.68,0.246,147_aor,293
147,1,2,aor,0.732,0.246,147_aor,294
148,1,1,aor,-1.213,0.246,148_aor,295
148,1,2,aor,1.222,0.246,148_aor,296
149,1,1,aor,-1.017,0.246,149_aor,297
149,1,2,aor,0.409,0.246,149_aor,298
150,1,1,aor,-0.248,0.246,150_aor,299
150,1,2,aor,-0.525,0.246,150_aor,300
1,1,1,aqi,0.928,0.547,1_aqi,301
1,1,2,aqi,-0.097,0.547,1_aqi,302
2,1,1,aqi,-0.718,0.547,2_aqi,303
2,1,2,aqi,-0.664,0.547,2_aqi,304
3,1,1,aqi,-1.16,0.547,3_aqi,305
3,1,2,aqi,-1.386,0.547,3_aqi,306
4,1,1,aqi,0.324,0.547,4_aqi,307
4,1,2,aqi,-1.646,0.547,4_aqi,308
5,1,1,aqi,-0.709,0.547,5_aqi,309
5,1,2,aqi,1.539,0.547,5_aqi,310
6,1,1,aqi,0.301,0.547,6_aqi,311
6,1,2,aqi,-0.263,0.547,6_aqi,312
7,1,1,aqi,-0.142,0.547,7_aqi,313
7,1,2,aqi,-1.536,0.547,7_aqi,314
8,1,1,aqi,-1.376,0.547,8_aqi,315
8,1,2,aqi,-0.442,0.547,8_aqi,316
9,1,1,aqi,-1.262,0.547,9_aqi,317
9,1,2,aqi,-0.1,0.547,9_aqi,318
10,1,1,aqi,-1.207,0.547,10_aqi,319
10,1,2,aqi,-0.14,0.547,10_aqi,320
11,1,1,aqi,-1.224,0.547,11_aqi,321
11,1,2,aqi,-1.287,0.547,11_aqi,322
12,1,1,aqi,-0.125,0.547,12_aqi,323
12,1,2,aqi,0.405,0.547,12_aqi,324
13,1,1,aqi,-0.466,0.547,13_aqi,325
13,1,2,aqi,-1.67,0.547,13_aqi,326
14,1,1,aqi,1.189,0.547,14_aqi,327
14,1,2,aqi,-0.005,0.547,14_aqi,328
15,1,1,aqi,0.015,0.547,15_aqi,329
15,1,2,aqi,-0.06,0.547,15_aqi,330
16,1,1,aqi,-0.017,0.547,16_aqi,331
16,1,2,aqi,1.066,0.547,16_aqi,332
17,1,1,aqi,-1.069,0.547,17_aqi,333
17,1,2,aqi,-1.66,0.547,17_aqi,334
18,1,1,aqi,1.321,0.547,18_aqi,335
18,1,2,aqi,1.619,0.547,18_aqi,336
19,1,1,aqi,0.047,0.547,19_aqi,337
19,1,2,aqi,1.476,0.547,19_aqi,338
20,1,1,aqi,-0.463,0.547,20_aqi,339
20,1,2,aqi,-1.221,0.547,20_aqi,340
21,1,1,aqi,0.352,0.547,21_aqi,341
21,1,2,aqi,-0.347,0.547,21_aqi,342
22,1,1,aqi,1.056,0.547,22_aqi,343
22,1,2,aqi,-1.265,0.547,22_aqi,344
23,1,1,aqi,-0.843,0.547,23_aqi,345
23,1,2,aqi,0.312,0.547,23_aqi,346
24,1,1,aqi,-0.54,0.547,24_aqi,347
24,1,2,aqi,-0.998,0.547,24_aqi,348
25,1,1,aqi,0.446,0.547,25_aqi,349
25,1,2,aqi,0.575,0.547,25_aqi,350
26,1,1,aqi,0.784,0.547,26_aqi,351
26,1,2,aqi,-1.271,0.547,26_aqi,352
27,1,1,aqi,-0.176,0.547,27_aqi,353
27,1,2,aqi,-0.714,0.547,27_aqi,354
28,1,1,aqi,1.525,0.547,28_aqi,355
28,1,2,aqi,0.812,0.547,28_aqi,356
29,1,1,aqi,0.137,0.547,29_aqi,357
29,1,2,aqi,0.033,0.547,29_aqi,358
30,1,1,aqi,-1.052,0.547,30_aqi,359
30,1,2,aqi,0.095,0.547,30_aqi,360
31,1,1,aqi,-1.001,0.547,31_aqi,361
31,1,2,aqi,0.904,0.547,31_aqi,362
32,1,1,aqi,-1.362,0.547,32_aqi,363
32,1,2,aqi,-1.143,0.547,32_aqi,364
33,1,1,aqi,0.866,0.547,33_aqi,365
33,1,2,aqi,1.335,0.547,33_aqi,366
34,1,1,aqi,-1.153,0.547,34_aqi,367
34,1,2,aqi,-0.228,0.547,34_aqi,368
35,1,1,aqi,-0.173,0.547,35_aqi,369
35,1,2,aqi,0.732,0.547,35_aqi,370
36,1,1,aqi,-1.55,0.547,36_aqi,371
36,1,2,aqi,0.16,0.547,36_aqi,372
37,1,1,aqi,0.342,0.547,37_aqi,373
37,1,2,aqi,-0.431,0.547,37_aqi,374
38,1,1,aqi,0.926,0.547,38_aqi,375
38,1,2,aqi,-1.108,0.547,38_aqi,376
39,1,1,aqi,1.033,0.547,39_aqi,377
39,1,2,aqi,0.389,0.547,39_aqi,378
40,1,1,aqi,-0.76,0.547,40_aqi,379
40,1,2,aqi,0.879,0.547,40_aqi,380
41,1,1,aqi,-0.714,0.547,41_aqi,381
41,1,2,aqi,1.231,0.547,41_aqi,382
42,1,1,aqi,0.037,0.547,42_aqi,383
42,1,2,aqi,-0.286,0.547,42_aqi,384
43,1,1,aqi,-1.614,0.547,43_aqi,385
43,1,2,aqi,-0.064,0.547,43_aqi,386
44,1,1,aqi,1.158,0.547,44_aqi,387
44,1,2,aqi,-1.451,0.547,44_aqi,388
45,1,1,aqi,-0.948,0.547,45_aqi,389
45,1,2,aqi,-0.092,0.547,45_aqi,390
46,1,1,aqi,1.431,0.547,46_aqi,391
46,1,2,aqi,-0.191,0.547,46_aqi,392
47,1,1,aqi,0.207,0.547,47_aqi,393
47,1,2,aqi,1.424,0.547,47_aqi,394
48,1,1,aqi,1.099,0.547,48_aqi,395
48,1,2,aqi,1.655,0.547,48_aqi,396
49,1,1,aqi,-1.113,0.547,49_aqi,397
49,1,2,aqi,-0.067,0.547,49_aqi,398
50,1,1,aqi,0.095,0.547,50_aqi,399
50,1,2,aqi,1.003,0.547,50_aqi,400
51,1,1,aqi,1.682,0.547,51_aqi,401
51,1,2,aqi,1.677,0.547,51_aqi,402
52,1,1,aqi,-0.0,0.547,52_aqi,403
52,1,2,aqi,-1.584,0.547,52_aqi,404
53,1,1,aqi,0.94,0.547,53_aqi,405
53,1,2,aqi,-0.28,0.547,53_aqi,406
54,1,1,aqi,1.654,0.547,54_aqi,407
54,1,2,aqi,0.586,0.547,54_aqi,408
55,1,1,aqi,-0.485,0.547,55_aqi,409
55,1,2,aqi,-0.688,0.547,55_aqi,410
56,1,1,aqi,1.713,0.547,56_aqi,411
56,1,2,aqi,-1.067,0.547,56_aqi,412
57,1,1,aqi,-0.08,0.547,57_aqi,413
57,1,2,aqi,-0.318,0.547,57_aqi,414
58,1,1,aqi,-0.719,0.547,58_aqi,415
58,1,2,aqi,1.363,0.547,58_aqi,416
59,1,1,aqi,-1.557,0.547,59_aqi,417
59,1,2,aqi,1.083,0.547,59_aqi,418
60,1,1,aqi,0.804,0.547,60_aqi,419
60,1,2,aqi,0.268,0.547,60_aqi,420
61,1,1,aqi,1.158,0.547,61_aqi,421
61,1,2,aqi,0.967,0.547,61_aqi,422
62,1,1,aqi,1.54,0.547,62_aqi,423
62,1,2,aqi,1.42,0.547,62_aqi,424
63,1,1,aqi,-0.609,0.547,63_aqi,425
63,1,2,aqi,0.558,0.547,63_aqi,426
64,1,1,aqi,-0.321,0.547,64_aqi,427
64,1,2,aqi,-0.499,0.547,64_aqi,428
65,1,1,aqi,-1.435,0.547,65_aqi,429
65,1,2,aqi,1.735,0.547,65_aqi,430
66,1,1,aqi,-0.165,0.547,66_aqi,431
66,1,2,aqi,-0.394,0.547,66_aqi,432
67,1,1,aqi,-0.852,0.547,67_aqi,433
67,1,2,aqi,0.21,0.547,67_aqi,434
68,1,1,aqi,-1.44,0.547,68_aqi,435
68,1,2,aqi,-1.551,0.547,68_aqi,436
69,1,1,aqi,1.225,0.547,69_aqi,437
69,1,2,aqi,-1.623,0.547,69_aqi,438
70,1,1,aqi,0.517,0.547,70_aqi,439
70,1,2,aqi,1.548,0.547,70_aqi,440
71,1,1,aqi,-0.766,0.547,71_aqi,441
71,1,2,aqi,1.67,0.547,71_aqi,442
72,1,1,aqi,1.252,0.547,72_aqi,443
72,1,2,aqi,-1.423,0.547,72_aqi,444
73,1,1,aqi,-0.858,0.547,73_aqi,445
73,1,2,aqi,0.771,0.547,73_aqi,446
74,1,1,aqi,-1.38,0.547,74_aqi,447
74,1,2,aqi,-0.905,0.547,74_aqi,448
75,1,1,aqi,-0.4,0.547,75_aqi,449
75,1,2,aqi,0.359,0.547,75_aqi,450
76,1,1,aqi,-1.325,0.547,76_aqi,451
76,1,2,aqi,-1.041,0.547,76_aqi,452
77,1,1,aqi,-0.569,0.547,77_aqi,453
77,1,2,aqi,1.745,0.547,77_aqi,454
78,1,1,aqi,0.767,0.547,78_aqi,455
78,1,2,aqi,-1.117,0.547,78_aqi,456
79,1,1,aqi,1.509,0.547,79_aqi,457
79,1,2,aqi,-1.238,0.547,79_aqi,458
80,1,1,aqi,0.214,0.547,80_aqi,459
80,1,2,aqi,-0.928,0.547,80_aqi,460
81,1,1,aqi,0.466,0.547,81_aqi,461
81,1,2,aqi,-1.506,0.547,81_aqi,462
82,1,1,aqi,1.233,0.547,82_aqi,463
82,1,2,aqi,0.331,0.547,82_aqi,464
83,1,1,aqi,-1.251,0.547,83_aqi,465
83,1,2,aqi,-0.193,0.547,83_aqi,466
84,1,1,aqi,-1.371,0.547,84_aqi,467
84,1,2,aqi,1.138,0.547,84_aqi,468
85,1,1,aqi,0.687,0.547,85_aqi,469
85,1,2,aqi,-0.193,0.547,85_aqi,470
86,1,1,aqi,-1.713,0.547,86_aqi,471
86,1,2,aqi,0.74,0.547,86_aqi,472
87,1,1,aqi,-0.074,0.547,87_aqi,473
87,1,2,aqi,-0.524,0.547,87_aqi,474
88,1,1,aqi,-0.17,0.547,88_aqi,475
88,1,2,aqi,-1.419,0.547,88_aqi,476
89,1,1,aqi,0.376,0.547,89_aqi,477
89,1,2,aqi,0.329,0.547,89_aqi,478
90,1,1,aqi,-1.433,0.547,90_aqi,479
90,1,2,aqi,1.335,0.547,90_aqi,480
91,1,1,aqi,-0.679,0.547,91_aqi,481
91,1,2,aqi,0.82,0.547,91_aqi,482
92,1,1,aqi,0.801,0.547,92_aqi,483
92,1,2,aqi,-0.753,0.547,92_aqi,484
93,1,1,aqi,0.917,0.547,93_aqi,485
93,1,2,aqi,-0.276,0.547,93_aqi,486
94,1,1,aqi,1.205,0.547,94_aqi,487
94,1,2,aqi,-0.737,0.547,94_aqi,488
95,1,1,aqi,-0.086,0.547,95_aqi,489
95,1,2,aqi,0.776,0.547,95_aqi,490
96,1,1,aqi,1.099,0.547,96_aqi,491
96,1,2,aqi,1.295,0.547,96_aqi,492
97,1,1,aqi,-1.057,0.547,97_aqi,493
97,1,2,aqi,0.697,0.547,97_aqi,494
98,1,1,aqi,-0.906,0.547,98_aqi,495
98,1,2,aqi,-0.883,0.547,98_aqi,496
99,1,1,aqi,1.051,0.547,99_aqi,497
99,1,2,aqi,-0.049,0.547,99_aqi,498
100,1,1,aqi,1.025,0.547,100_aqi,499
100,1,2,aqi,1.492,0.547,100_aqi,500
101,1,1,aqi,0.757,0.547,101_aqi,501
101,1,2,aqi,0.084,0.547,101_aqi,502
102,1,1,aqi,0.681,0.547,102_aqi,503
102,1,2,aqi,-0.315,0.547,102_aqi,504
103,1,1,aqi,-1.479,0.547,103_aqi,505
103,1,2,aqi,-0.159,0.547,103_aqi,506
104,1,1,aqi,-0.831,0.547,104_aqi,507
104,1,2,aqi,1.064,0.547,104_aqi,508
105,1,1,aqi,1.753,0.547,105_aqi,509
105,1,2,aqi,-1.428,0.547,105_aqi,510
106,1,1,aqi,1.056,0.547,106_aqi,511
106,1,2,aqi,1.549,0.547,106_aqi,512
107,1,1,aqi,0.562,0.547,107_aqi,513
107,1,2,aqi,0.061,0.547,107_aqi,514
108,1,1,aqi,0.553,0.547,108_aqi,515
108,1,2,aqi,-1.197,0.547,108_aqi,516
109,1,1,aqi,0.283,0.547,109_aqi,517
109,1,2,aqi,0.116,0.547,109_aqi,518
110,1,1,aqi,0.557,0.547,110_aqi,519
110,1,2,aqi,-0.477,0.547,110_aqi,520
111,1,1,aqi,-0.221,0.547,111_aqi,521
111,1,2,aqi,0.597,0.547,111_aqi,522
112,1,1,aqi,0.799,0.547,112_aqi,523
112,1,2,aqi,-1.446,0.547,112_aqi,524
113,1,1,aqi,-0.568,0.547,113_aqi,525
113,1,2,aqi,-0.167,0.547,113_aqi,526
114,1,1,aqi,-0.953,0.547,114_aqi,527
114,1,2,aqi,-1.18,0.547,114_aqi,528
115,1,1,aqi,1.564,0.547,115_aqi,529
115,1,2,aqi,1.681,0.547,115_aqi,530
116,1,1,aqi,0.169,0.547,116_aqi,531
116,1,2,aqi,-0.936,0.547,116_aqi,532
117,1,1,aqi,1.487,0.547,117_aqi,533
117,1,2,aqi,1.468,0.547,117_aqi,534
118,1,1,aqi,-0.111,0.547,118_aqi,535
118,1,2,aqi,0.729,0.547,118_aqi,536
119,1,1,aqi,-0.347,0.547,119_aqi,537
119,1,2,aqi,0.583,0.547,119_aqi,538
120,1,1,aqi,1.221,0.547,120_aqi,539
120,1,2,aqi,0.27,0.547,120_aqi,540
121,1,1,aqi,-0.969,0.547,121_aqi,541
121,1,2,aqi,0.35,0.547,121_aqi,542
122,1,1,aqi,-0.614,0.547,122_aqi,543
122,1,2,aqi,-1.061,0.547,122_aqi,544
123,1,1,aqi,0.721,0.547,123_aqi,545
123,1,2,aqi,0.339,0.547,123_aqi,546
124,1,1,aqi,1.69,0.547,124_aqi,547
124,1,2,aqi,0.03,0.547,124_aqi,548
125,1,1,aqi,-0.287,0.547,125_aqi,549
125,1,2,aqi,-1.124,0.547,125_aqi,550
126,1,1,aqi,-1.112,0.547,126_aqi,551
126,1,2,aqi,-1.415,0.547,126_aqi,552
127,1,1,aqi,1.192,0.547,127_aqi,553
127,1,2,aqi,-1.295,0.547,127_aqi,554
128,1,1,aqi,1.449,0.547,128_aqi,555
128,1,2,aqi,-0.312,0.547,128_aqi,556
129,1,1,aqi,0.895,0.547,129_aqi,557
129,1,2,aqi,-0.392,0.547,129_aqi,558
130,1,1,aqi,0.309,0.547,130_aqi,559
130,1,2,aqi,-0.343,0.547,130_aqi,560
131,1,1,aqi,0.698,0.547,131_aqi,561
131,1,2,aqi,0.352,0.547,131_aqi,562
132,1,1,aqi,0.79,0.547,132_aqi,563
132,1,2,aqi,-0.588,0.547,132_aqi,564
133,1,1,aqi,-1.207,0.547,133_aqi,565
133,1,2,aqi,1.564,0.547,133_aqi,566
134,1,1,aqi,-1.5,0.547,134_aqi,567
134,1,2,aqi,1.755,0.547,134_aqi,568
135,1,1,aqi,-1.126,0.547,135_aqi,569
135,1,2,aqi,-0.177,0.547,135_aqi,570
136,1,1,aqi,0.191,0.547,136_aqi,571
136,1,2,aqi,-0.455,0.547,136_aqi,572
137,1,1,aqi,-0.593,0.547,137_aqi,573
137,1,2,aqi,1.401,0.547,137_aqi,574
138,1,1,aqi,0.417,0.547,138_aqi,575
138,1,2,aqi,-0.414,0.547,138_aqi,576
139,1,1,aqi,-0.991,0.547,139_aqi,577
139,1,2,aqi,-0.258,0.547,139_aqi,578
140,1,1,aqi,-0.279,0.547,140_aqi,579
140,1,2,aqi,1.347,0.547,140_aqi,580
141,1,1,aqi,-1.084,0.547,141_aqi,581
141,1,2,aqi,-0.474,0.547,141_aqi,582
142,1,1,aqi,1.114,0.547,142_aqi,583
142,1,2,aqi,1.168,0.547,142_aqi,584
143,1,1,aqi,0.107,0.547,143_aqi,585
143,1,2,aqi,-1.373,0.547,143_aqi,586
144,1,1,aqi,-1.042,0.547,144_aqi,587
144,1,2,aqi,-1.426,0.547,144_aqi,588
145,1,1,aqi,1.624,0.547,145_aqi,589
145,1,2,aqi,1.733,0.547,145_aqi,590
146,1,1,aqi,-0.135,0.547,146_aqi,591
146,1,2,aqi,-1.559,0.547,146_aqi,592
147,1,1,aqi,1.631,0.547,147_aqi,593
147,1,2,aqi,-1.686,0.547,147_aqi,594
148,1,1,aqi,-1.65,0.547,148_aqi,595
148,1,2,aqi,-0.938,0.547,148_aqi,596
149,1,1,aqi,1.101,0.547,149_aqi,597
149,1,2,aqi,1.663,0.547,149_aqi,598
150,1,1,aqi,0.933,0.547,150_aqi,599
150,1,2,aqi,-0.862,0.547,150_aqi,600
1,1,1,dvars_nstd,0.984,1.15,1_dvars_nstd,601
1,1,2,dvars_nstd,-1.563,1.15,1_dvars_nstd,602
2,1,1,dvars_nstd,0.628,1.15,2_dvars_nstd,603
2,1,2,dvars_nstd,-1.608,1.15,2_dvars_nstd,604
3,1,1,dvars_nstd,0.006,1.15,3_dvars_nstd,605
3,1,2,dvars_nstd,1.384,1.15,3_dvars_nstd,606
4,1,1,dvars_nstd,-1.128,1.15,4_dvars_nstd,607
4,1,2,dvars_nstd,1.122,1.15,4_dvars_nstd,608
5,1,1,dvars_nstd,0.054,1.15,5_dvars_nstd,609
5,1,2,dvars_nstd,-0.887,1.15,5_dvars_nstd,610
6,1,1,dvars_nstd,-1.028,1.15,6_dvars_nstd,611
6,1,2,dvars_nstd,1.602,1.15,6_dvars_nstd,612
7,1,1,dvars_nstd,-0.863,1.15,7_dvars_nstd,613
7,1,2,dvars_nstd,0.315,1.15,7_dvars_nstd,614
8,1,1,dvars_nstd,1.181,1.15,8_dvars_nstd,615
8,1,2,dvars_nstd,-0.456,1.15,8_dvars_nstd,616
9,1,1,dvars_nstd,0.395,1.15,9_dvars_nstd,617
9,1,2,dvars_nstd,0.08,1.15,9_dvars_nstd,618
10,1,1,dvars_nstd,1.499,1.15,10_dvars_nstd,619
10,1,2,dvars_nstd,1.119,1.15,10_dvars_nstd,620
11,1,1,dvars_nstd,0.952,1.15,11_dvars_nstd,621
11,1,2,dvars_nstd,0.018,1.15,11_dvars_nstd,622
12,1,1,dvars_nstd,0.977,1.15,12_dvars_nstd,623
12,1,2,dvars_nstd,0.464,1.15,12_dvars_nstd,624
13,1,1,dvars_nstd,0.046,1.15,13_dvars_nstd,625
13,1,2,dvars_nstd,1.125,1.15,13_dvars_nstd,626
14,1,1,dvars_nstd,1.681,1.15,14_dvars_nstd,627
14,1,2,dvars_nstd,-1.425,1.15,14_dvars_nstd,628
15,1,1,dvars_nstd,0.11,1.15,15_dvars_nstd,629
15,1,2,dvars_nstd,0.899,1.15,15_dvars_nstd,630
16,1,1,dvars_nstd,1.668,1.15,16_dvars_nstd,631
16,1,2,dvars_nstd,-1.546,1.15,16_dvars_nstd,632
17,1,1,dvars_nstd,-1.423,1.15,17_dvars_nstd,633
17,1,2,dvars_nstd,-0.158,1.15,17_dvars_nstd,634
18,1,1,dvars_nstd,-0.742,1.15,18_dvars_nstd,635
18,1,2,dvars_nstd,-1.36,1.15,18_dvars_nstd,636
19,1,1,dvars_nstd,-0.034,1.15,19_dvars_nstd,637
19,1,2,dvars_nstd,-1.682,1.15,19_dvars_nstd,638
20,1,1,dvars_nstd,1.077,1.15,20_dvars_nstd,639
20,1,2,dvars_nstd,0.665,1.15,20_dvars_nstd,640
21,1,1,dvars_nstd,-0.92,1.15,21_dvars_nstd,641
21,1,2,dvars_nstd,0.629,1.15,21_dvars_nstd,642
22,1,1,dvars_nstd,-1.371,1.15,22_dvars_nstd,643
22,1,2,dvars_nstd,-1.155,1.15,22_dvars_nstd,644
23,1,1,dvars_nstd,-0.702,1.15,23_dvars_nstd,645
23,1,2,dvars_nstd,0.809,1.15,23_dvars_nstd,646
24,1,1,dvars_nstd,0.108,1.15,24_dvars_nstd,647
24,1,2,dvars_nstd,-0.845,1.15,24_dvars_nstd,648
25,1,1,dvars_nstd,0.863,1.15,25_dvars_nstd,649
25,1,2,dvars_nstd,0.344,1.15,25_dvars_nstd,650
26,1,1,dvars_nstd,0.033,1.15,26_dvars_nstd,651
26,1,2,dvars_nstd,-0.769,1.15,26_dvars_nstd,652
27,1,1,dvars_nstd,1.498,1.15,27_dvars_nstd,653
27,1,2,dvars_nstd,-0.829,1.15,27_dvars_nstd,654
28,1,1,dvars_nstd,1.652,1.15,28_dvars_nstd,655
28,1,2,dvars_nstd,1.638,1.15,28_dvars_nstd,656
29,1,1,dvars_nstd,-1.482,1.15,29_dvars_nstd,657
29,1,2,dvars_nstd,0.861,1.15,29_dvars_nstd,658
30,1,1,dvars_nstd,-0.956,1.15,30_dvars_nstd,659
30,1,2,dvars_nstd,-0.634,1.15,30_dvars_nstd,660
31,1,1,dvars_nstd,-0.263,1.15,31_dvars_nstd,661
31,1,2,dvars_nstd,1.1,1.15,31_dvars_nstd,662
32,1,1,dvars_nstd,1.259,1.15,32_dvars_nstd,663
32,1,2,dvars_nstd,0.768,1.15,32_dvars_nstd,664
33,1,1,dvars_nstd,1.21,1.15,33_dvars_nstd,665
33,1,2,dvars_nstd,-0.429,1.15,33_dvars_nstd,666
34,1,1,dvars_nstd,0.58,1.15,34_dvars_nstd,667
34,1,2,dvars_nstd,-0.234,1.15,34_dvars_nstd,668
35,1,1,dvars_nstd,-1.497,1.15,35_dvars_nstd,669
35,1,2,dvars_nstd,-0.056,1.15,35_dvars_nstd,670
36,1,1,dvars_nstd,-1.187,1.15,36_dvars_nstd,671
36,1,2,dvars_nstd,-1.086,1.15,36_dvars_nstd,672
37,1,1,dvars_nstd,-0.931,1.15,37_dvars_nstd,673
37,1,2,dvars_nstd,-0.255,1.15,37_dvars_nstd,674
38,1,1,dvars_nstd,0.716,1.15,38_dvars_nstd,675
38,1,2,dvars_nstd,-0.109,1.15,38_dvars_nstd,676
39,1,1,dvars_nstd,-0.132,1.15,39_dvars_nstd,677
39,1,2,dvars_nstd,1.508,1.15,39_dvars_nstd,678
40,1,1,dvars_nstd,1.596,1.15,40_dvars_nstd,679
40,1,2,dvars_nstd,-0.439,1.15,40_dvars_nstd,680
41,1,1,dvars_nstd,1.018,1.15,41_dvars_nstd,681
41,1,2,dvars_nstd,-0.932,1.15,41_dvars_nstd,682
42,1,1,dvars_nstd,0.286,1.15,42_dvars_nstd,683
42,1,2,dvars_nstd,1.291,1.15,42_dvars_nstd,684
43,1,1,dvars_nstd,-0.353,1.15,43_dvars_nstd,685
43,1,2,dvars_nstd,-0.171,1.15,43_dvars_nstd,686
44,1,1,dvars_nstd,0.277,1.15,44_dvars_nstd,687
44,1,2,dvars_nstd,0.912,1.15,44_dvars_nstd,688
45,1,1,dvars_nstd,-0.2,1.15,45_dvars_nstd,689
45,1,2,dvars_nstd,1.588,1.15,45_dvars_nstd,690
46,1,1,dvars_nstd,0.003,1.15,46_dvars_nstd,691
46,1,2,dvars_nstd,1.669,1.15,46_dvars_nstd,692
47,1,1,dvars_nstd,-1.641,1.15,47_dvars_nstd,693
47,1,2,dvars_nstd,0.172,1.15,47_dvars_nstd,694
48,1,1,dvars_nstd,0.729,1.15,48_dvars_nstd,695
48,1,2,dvars_nstd,1.395,1.15,48_dvars_nstd,696
49,1,1,dvars_nstd,-0.96,1.15,49_dvars_nstd,697
49,1,2,dvars_nstd,0.873,1.15,49_dvars_nstd,698
50,1,1,dvars_nstd,-0.754,1.15,50_dvars_nstd,699
50,1,2,dvars_nstd,1.52,1.15,50_dvars_nstd,700
51,1,1,dvars_nstd,-0.084,1.15,51_dvars_nstd,701
51,1,2,dvars_nstd,-1.074,1.15,51_dvars_nstd,702
52,1,1,dvars_nstd,-1.288,1.15,52_dvars_nstd,703
52,1,2,dvars_nstd,-1.342,1.15,52_dvars_nstd,704
53,1,1,dvars_nstd,1.183,1.15,53_dvars_nstd,705
53,1,2,dvars_nstd,-1.568,1.15,53_dvars_nstd,706
54,1,1,dvars_nstd,0.979,1.15,54_dvars_nstd,707
54,1,2,dvars_nstd,-1.306,1.15,54_dvars_nstd,708
55,1,1,dvars_nstd,-0.161,1.15,55_dvars_nstd,709
55,1,2,dvars_nstd,-1.506,1.15,55_dvars_nstd,710
56,1,1,dvars_nstd,-0.141,1.15,56_dvars_nstd,711
56,1,2,dvars_nstd,-0.55,1.15,56_dvars_nstd,712
57,1,1,dvars_nstd,-0.046,1.15,57_dvars_nstd,713
57,1,2,dvars_nstd,-1.438,1.15,57_dvars_nstd,714
58,1,1,dvars_nstd,0.77,1.15,58_dvars_nstd,715
58,1,2,dvars_nstd,0.569,1.15,58_dvars_nstd,716
59,1,1,dvars_nstd,0.902,1.15,59_dvars_nstd,717
59,1,2,dvars_nstd,-0.865,1.15,59_dvars_nstd,718
60,1,1,dvars_nstd,-1.478,1.15,60_dvars_nstd,719
60,1,2,dvars_nstd,-1.545,1.15,60_dvars_nstd,720
61,1,1,dvars_nstd,0.323,1.15,61_dvars_nstd,721
61,1,2,dvars_nstd,1.041,1.15,61_dvars_nstd,722
62,1,1,dvars_nstd,0.113,1.15,62_dvars_nstd,723
62,1,2,dvars_nstd,1.131,1.15,62_dvars_nstd,724
63,1,1,dvars_nstd,-0.705,1.15,63_dvars_nstd,725
63,1,2,dvars_nstd,1.703,1.15,63_dvars_nstd,726
64,1,1,dvars_nstd,0.921,1.15,64_dvars_nstd,727
64,1,2,dvars_nstd,1.329,1.15,64_dvars_nstd,728
65,1,1,dvars_nstd,-0.01,1.15,65_dvars_nstd,729
65,1,2,dvars_nstd,-0.272,1.15,65_dvars_nstd,730
66,1,1,dvars_nstd,-0.346,1.15,66_dvars_nstd,731
66,1,2,dvars_nstd,1.291,1.15,66_dvars_nstd,732
67,1,1,dvars_nstd,-1.235,1.15,67_dvars_nstd,733
67,1,2,dvars_nstd,-0.567,1.15,67_dvars_nstd,734
68,1,1,dvars_nstd,1.313,1.15,68_dvars_nstd,735
68,1,2,dvars_nstd,0.874,1.15,68_dvars_nstd,736
69,1,1,dvars_nstd,0.275,1.15,69_dvars_nstd,737
69,1,2,dvars_nstd,0.203,1.15,69_dvars_nstd,738
70,1,1,dvars_nstd,0.516,1.15,70_dvars_nstd,739
70,1,2,dvars_nstd,0.554,1.15,70_dvars_nstd,740
71,1,1,dvars_nstd,-0.337,1.15,71_dvars_nstd,741
71,1,2,dvars_nstd,-1.014,1.15,71_dvars_nstd,742
72,1,1,dvars_nstd,-1.595,1.15,72_dvars_nstd,743
72,1,2,dvars_nstd,-0.874,1.15,72_dvars_nstd,744
73,1,1,dvars_nstd,1.423,1.15,73_dvars_nstd,745
73,1,2,dvars_nstd,1.289,1.15,73_dvars_nstd,746
74,1,1,dvars_nstd,1.132,1.15,74_dvars_nstd,747
74,1,2,dvars_nstd,-0.364,1.15,74_dvars_nstd,748
75,1,1,dvars_nstd,1.458,1.15,75_dvars_nstd,749
75,1,2,dvars_nstd,-0.197,1.15,75_dvars_nstd,750
76,1,1,dvars_nstd,0.549,1.15,76_dvars_nstd,751
76,1,2,dvars_nstd,1.578,1.15,76_dvars_nstd,752
77,1,1,dvars_nstd,-0.155,1.15,77_dvars_nstd,753
77,1,2,dvars_nstd,-1.495,1.15,77_dvars_nstd,754
78,1,1,dvars_nstd,0.348,1.15,78_dvars_nstd,755
78,1,2,dvars_nstd,-1.516,1.15,78_dvars_nstd,756
79,1,1,dvars_nstd,-0.284,1.15,79_dvars_nstd,757
79,1,2,dvars_nstd,1.058,1.15,79_dvars_nstd,758
80,1,1,dvars_nstd,-0.528,1.15,80_dvars_nstd,759
80,1,2,dvars_nstd,-1.066,1.15,80_dvars_nstd,760
81,1,1,dvars_nstd,-0.269,1.15,81_dvars_nstd,761
81,1,2,dvars_nstd,-1.626,1.15,81_dvars_nstd,762
82,1,1,dvars_nstd,0.024,1.15,82_dvars_nstd,763
82,1,2,dvars_nstd,0.942,1.15,82_dvars_nstd,764
83,1,1,dvars_nstd,-0.2,1.15,83_dvars_nstd,765
83,1,2,dvars_nstd,-0.792,1.15,83_dvars_nstd,766
84,1,1,dvars_nstd,0.547,1.15,84_dvars_nstd,767
84,1,2,dvars_nstd,0.217,1.15,84_dvars_nstd,768
85,1,1,dvars_nstd,0.205,1.15,85_dvars_nstd,769
85,1,2,dvars_nstd,-0.179,1.15,85_dvars_nstd,770
86,1,1,dvars_nstd,1.224,1.15,86_dvars_nstd,771
86,1,2,dvars_nstd,1.676,1.15,86_dvars_nstd,772
87,1,1,dvars_nstd,-1.15,1.15,87_dvars_nstd,773
87,1,2,dvars_nstd,0.068,1.15,87_dvars_nstd,774
88,1,1,dvars_nstd,-0.608,1.15,88_dvars_nstd,775
88,1,2,dvars_nstd,-1.561,1.15,88_dvars_nstd,776
89,1,1,dvars_nstd,0.67,1.15,89_dvars_nstd,777
89,1,2,dvars_nstd,-1.502,1.15,89_dvars_nstd,778
90,1,1,dvars_nstd,-1.17,1.15,90_dvars_nstd,779
90,1,2,dvars_nstd,-0.609,1.15,90_dvars_nstd,780
91,1,1,dvars_nstd,-1.551,1.15,91_dvars_nstd,781
91,1,2,dvars_nstd,1.038,1.15,91_dvars_nstd,782
92,1,1,dvars_nstd,1.017,1.15,92_dvars_nstd,783
92,1,2,dvars_nstd,1.47,1.15,92_dvars_nstd,784
93,1,1,dvars_nstd,1.587,1.15,93_dvars_nstd,785
93,1,2,dvars_nstd,-0.775,1.15,93_dvars_nstd,786
94,1,1,dvars_nstd,0.924,1.15,94_dvars_nstd,787
94,1,2,dvars_nstd,0.629,1.15,94_dvars_nstd,788
95,1,1,dvars_nstd,-1.617,1.15,95_dvars_nstd,789
95,1,2,dvars_nstd,1.425,1.15,95_dvars_nstd,790
96,1,1,dvars_nstd,0.705,1.15,96_dvars_nstd,791
96,1,2,dvars_nstd,-0.526,1.15,96_dvars_nstd,792
97,1,1,dvars_nstd,0.374,1.15,97_dvars_nstd,793
97,1,2,dvars_nstd,-0.774,1.15,97_dvars_nstd,794
98,1,1,dvars_nstd,-0.437,1.15,98_dvars_nstd,795
98,1,2,dvars_nstd,0.134,1.15,98_dvars_nstd,796
99,1,1,dvars_nstd,1.536,1.15,99_dvars_nstd,797
99,1,2,dvars_nstd,-0.822,1.15,99_dvars_nstd,798
100,1,1,dvars_nstd,-0.748,1.15,100_dvars_nstd,799
100,1,2,dvars_nstd,0.137,1.15,100_dvars_nstd,800
101,1,1,dvars_nstd,0.784,1.15,101_dvars_nstd,801
101,1,2,dvars_nstd,-0.069,1.15,101_dvars_nstd,802
102,1,1,dvars_nstd,-0.221,1.15,102_dvars_nstd,803
102,1,2,dvars_nstd,0.127,1.15,102_dvars_nstd,804
103,1,1,dvars_nstd,-0.021,1.15,103_dvars_nstd,805
103,1,2,dvars_nstd,-1.019,1.15,103_dvars_nstd,806
104,1,1,dvars_nstd,1.636,1.15,104_dvars_nstd,807
104,1,2,dvars_nstd,-0.546,1.15,104_dvars_nstd,808
105,1,1,dvars_nstd,-0.072,1.15,105_dvars_nstd,809
105,1,2,dvars_nstd,-1.49,1.15,105_dvars_nstd,810
106,1,1,dvars_nstd,-0.826,1.15,106_dvars_nstd,811
106,1,2,dvars_nstd,-1.482,1.15,106_dvars_nstd,812
107,1,1,dvars_nstd,-1.535,1.15,107_dvars_nstd,813
107,1,2,dvars_nstd,-1.145,1.15,107_dvars_nstd,814
108,1,1,dvars_nstd,-0.481,1.15,108_dvars_nstd,815
108,1,2,dvars_nstd,-0.832,1.15,108_dvars_nstd,816
109,1,1,dvars_nstd,0.233,1.15,109_dvars_nstd,817
109,1,2,dvars_nstd,-0.567,1.15,109_dvars_nstd,818
110,1,1,dvars_nstd,0.127,1.15,110_dvars_nstd,819
110,1,2,dvars_nstd,-0.07,1.15,110_dvars_nstd,820
111,1,1,dvars_nstd,-0.689,1.15,111_dvars_nstd,821
111,1,2,dvars_nstd,1.257,1.15,111_dvars_nstd,822
112,1,1,dvars_nstd,-1.63,1.15,112_dvars_nstd,823
112,1,2,dvars_nstd,-0.035,1.15,112_dvars_nstd,824
113,1,1,dvars_nstd,-0.35,1.15,113_dvars_nstd,825
113,1,2,dvars_nstd,0.044,1.15,113_dvars_nstd,826
114,1,1,dvars_nstd,-1.025,1.15,114_dvars_nstd,827
114,1,2,dvars_nstd,0.641,1.15,114_dvars_nstd,828
115,1,1,dvars_nstd,-1.554,1.15,115_dvars_nstd,829
115,1,2,dvars_nstd,-0.189,1.15,115_dvars_nstd,830
116,1,1,dvars_nstd,-0.796,1.15,116_dvars_nstd,831
116,1,2,dvars_nstd,0.96,1.15,116_dvars_nstd,832
117,1,1,dvars_nstd,0.027,1.15,117_dvars_nstd,833
117,1,2,dvars_nstd,0.295,1.15,117_dvars_nstd,834
118,1,1,dvars_nstd,1.082,1.15,118_dvars_nstd,835
118,1,2,dvars_nstd,-0.302,1.15,118_dvars_nstd,836
119,1,1,dvars_nstd,-0.679,1.15,119_dvars_nstd,837
119,1,2,dvars_nstd,-1.318,1.15,119_dvars_nstd,838
120,1,1,dvars_nstd,-1.339,1.15,120_dvars_nstd,839
120,1,2,dvars_nstd,1.304,1.15,120_dvars_nstd,840
121,1,1,dvars_nstd,-0.049,1.15,121_dvars_nstd,841
121,1,2,dvars_nstd,0.974,1.15,121_dvars_nstd,842
122,1,1,dvars_nstd,-1.607,1.15,122_dvars_nstd,843
122,1,2,dvars_nstd,1.441,1.15,122_dvars_nstd,844
123,1,1,dvars_nstd,-0.331,1.15,123_dvars_nstd,845
123,1,2,dvars_nstd,-1.626,1.15,123_dvars_nstd,846
124,1,1,dvars_nstd,-0.94,1.15,124_dvars_nstd,847
124,1,2,dvars_nstd,-0.704,1.15,124_dvars_nstd,848
125,1,1,dvars_nstd,0.89,1.15,125_dvars_nstd,849
125,1,2,dvars_nstd,0.387,1.15,125_dvars_nstd,850
126,1,1,dvars_nstd,-0.96,1.15,126_dvars_nstd,851
126,1,2,dvars_nstd,-0.087,1.15,126_dvars_nstd,852
127,1,1,dvars_nstd,-1.553,1.15,127_dvars_nstd,853
127,1,2,dvars_nstd,0.602,1.15,127_dvars_nstd,854
128,1,1,dvars_nstd,-0.325,1.15,128_dvars_nstd,855
128,1,2,dvars_nstd,0.731,1.15,128_dvars_nstd,856
129,1,1,dvars_nstd,1.292,1.15,129_dvars_nstd,857
129,1,2,dvars_nstd,0.882,1.15,129_dvars_nstd,858
130,1,1,dvars_nstd,1.688,1.15,130_dvars_nstd,859
130,1,2,dvars_nstd,-1.576,1.15,130_dvars_nstd,860
131,1,1,dvars_nstd,0.571,1.15,131_dvars_nstd,861
131,1,2,dvars_nstd,-0.284,1.15,131_dvars_nstd,862
132,1,1,dvars_nstd,-0.971,1.15,132_dvars_nstd,863
132,1,2,dvars_nstd,0.647,1.15,132_dvars_nstd,864
133,1,1,dvars_nstd,-0.501,1.15,133_dvars_nstd,865
133,1,2,dvars_nstd,-1.18,1.15,133_dvars_nstd,866
134,1,1,dvars_nstd,0.638,1.15,134_dvars_nstd,867
134,1,2,dvars_nstd,-1.625,1.15,134_dvars_nstd,868
135,1,1,dvars_nstd,0.026,1.15,135_dvars_nstd,869
135,1,2,dvars_nstd,-0.857,1.15,135_dvars_nstd,870
136,1,1,dvars_nstd,0.34,1.15,136_dvars_nstd,871
136,1,2,dvars_nstd,-1.366,1.15,136_dvars_nstd,872
137,1,1,dvars_nstd,0.747,1.15,137_dvars_nstd,873
137,1,2,dvars_nstd,1.41,1.15,137_dvars_nstd,874
138,1,1,dvars_nstd,-1.678,1.15,138_dvars_nstd,875
138,1,2,dvars_nstd,0.423,1.15,138_dvars_nstd,876
139,1,1,dvars_nstd,0.675,1.15,139_dvars_nstd,877
139,1,2,dvars_nstd,-1.661,1.15,139_dvars_nstd,878
140,1,1,dvars_nstd,1.388,1.15,140_dvars_nstd,879
140,1,2,dvars_nstd,0.519,1.15,140_dvars_nstd,880
141,1,1,dvars_nstd,1.56,1.15,141_dvars_nstd,881
141,1,2,dvars_nstd,0.401,1.15,141_dvars_nstd,882
142,1,1,dvars_nstd,1.072,1.15,142_dvars_nstd,883
142,1,2,dvars_nstd,-1.499,1.15,142_dvars_nstd,884
143,1,1,dvars_nstd,1.004,1.15,143_dvars_nstd,885
143,1,2,dvars_nstd,0.981,1.15,143_dvars_nstd,886
144,1,1,dvars_nstd,0.473,1.15,144_dvars_nstd,887
144,1,2,dvars_nstd,1.603,1.15,144_dvars_nstd,888
145,1,1,dvars_nstd,-1.354,1.15,145_dvars_nstd,889
145,1,2,dvars_nstd,-0.863,1.15,145_dvars_nstd,890
146,1,1,dvars_nstd,-0.142,1.15,146_dvars_nstd,891
146,1,2,dvars_nstd,0.124,1.15,146_dvars_nstd,892
147,1,1,dvars_nstd,1.402,1.15,147_dvars_nstd,893
147,1,2,dvars_nstd,0.435,1.15,147_dvars_nstd,894
148,1,1,dvars_nstd,1.698,1.15,148_dvars_nstd,895
148,1,2,dvars_nstd,-1.619,1.15,148_dvars_nstd,896
149,1,1,dvars_nstd,0.083,1.15,149_dvars_nstd,897
149,1,2,dvars_nstd,-0.428,1.15,149_dvars_nstd,898
150,1,1,dvars_nstd,-0.387,1.15,150_dvars_nstd,899
150,1,2,dvars_nstd,1.57,1.15,150_dvars_nstd,900
1,1,1,fd_mean,-0.207,0.278,1_fd_mean,901
1,1,2,fd_mean,0.603,0.278,1_fd_mean,902
2,1,1,fd_mean,-1.078,0.278,2_fd_mean,903
2,1,2,fd_mean,-1.027,0.278,2_fd_mean,904
3,1,1,fd_mean,0.649,0.278,3_fd_mean,905
3,1,2,fd_mean,-1.07,0.278,3_fd_mean,906
4,1,1,fd_mean,0.248,0.278,4_fd_mean,907
4,1,2,fd_mean,-1.286,0.278,4_fd_mean,908
5,1,1,fd_mean,1.483,0.278,5_fd_mean,909
5,1,2,fd_mean,1.118,0.278,5_fd_mean,910
6,1,1,fd_mean,0.715,0.278,6_fd_mean,911
6,1,2,fd_mean,1.473,0.278,6_fd_mean,912
7,1,1,fd_mean,0.822,0.278,7_fd_mean,913
7,1,2,fd_mean,-0.404,0.278,7_fd_mean,914
8,1,1,fd_mean,1.635,0.278,8_fd_mean,915
8,1,2,fd_mean,-0.454,0.278,8_fd_mean,916
9,1,1,fd_mean,0.751,0.278,9_fd_mean,917
9,1,2,fd_mean,1.007,0.278,9_fd_mean,918
10,1,1,fd_mean,-0.44,0.278,10_fd_mean,919
10,1,2,fd_mean,-0.178,0.278,10_fd_mean,920
11,1,1,fd_mean,1.395,0.278,11_fd_mean,921
11,1,2,fd_mean,0.418,0.278,11_fd_mean,922
12,1,1,fd_mean,0.218,0.278,12_fd_mean,923
12,1,2,fd_mean,-0.352,0.278,12_fd_mean,924
13,1,1,fd_mean,1.31,0.278,13_fd_mean,925
13,1,2,fd_mean,-0.479,0.278,13_fd_mean,926
14,1,1,fd_mean,1.146,0.278,14_fd_mean,927
14,1,2,fd_mean,1.161,0.278,14_fd_mean,928
15,1,1,fd_mean,-0.387,0.278,15_fd_mean,929
15,1,2,fd_mean,0.734,0.278,15_fd_mean,930
16,1,1,fd_mean,1.629,0.278,16_fd_mean,931
16,1,2,fd_mean,0.39,0.278,16_fd_mean,932
17,1,1,fd_mean,0.723,0.278,17_fd_mean,933
17,1,2,fd_mean,-0.579,0.278,17_fd_mean,934
18,1,1,fd_mean,0.982,0.278,18_fd_mean,935
18,1,2,fd_mean,-0.918,0.278,18_fd_mean,936
19,1,1,fd_mean,-0.273,0.278,19_fd_mean,937
19,1,2,fd_mean,-1.665,0.278,19_fd_mean,938
20,1,1,fd_mean,1.007,0.278,20_fd_mean,939
20,1,2,fd_mean,-0.009,0.278,20_fd_mean,940
21,1,1,fd_mean,-0.891,0.278,21_fd_mean,941
21,1,2,fd_mean,1.572,0.278,21_fd_mean,942
22,1,1,fd_mean,0.814,0.278,22_fd_mean,943
22,1,2,fd_mean,-0.593,0.278,22_fd_mean,944
23,1,1,fd_mean,1.277,0.278,23_fd_mean,945
23,1,2,fd_mean,-0.482,0.278,23_fd_mean,946
24,1,1,fd_mean,-0.922,0.278,24_fd_mean,947
24,1,2,fd_mean,-1.36,0.278,24_fd_mean,948
25,1,1,fd_mean,-1.036,0.278,25_fd_mean,949
25,1,2,fd_mean,1.532,0.278,25_fd_mean,950
26,1,1,fd_mean,-0.315,0.278,26_fd_mean,951
26,1,2,fd_mean,-0.787,0.278,26_fd_mean,952
27,1,1,fd_mean,-0.653,0.278,27_fd_mean,953
27,1,2,fd_mean,-0.347,0.278,27_fd_mean,954
28,1,1,fd_mean,-1.294,0.278,28_fd_mean,955
28,1,2,fd_mean,-0.169,0.278,28_fd_mean,956
29,1,1,fd_mean,-1.772,0.278,29_fd_mean,957
29,1,2,fd_mean,-0.494,0.278,29_fd_mean,958
30,1,1,fd_mean,-0.768,0.278,30_fd_mean,959
30,1,2,fd_mean,0.581,0.278,30_fd_mean,960
31,1,1,fd_mean,-1.305,0.278,31_fd_mean,961
31,1,2,fd_mean,1.694,0.278,31_fd_mean,962
32,1,1,fd_mean,-0.526,0.278,32_fd_mean,963
32,1,2,fd_mean,-1.027,0.278,32_fd_mean,964
33,1,1,fd_mean,-0.153,0.278,33_fd_mean,965
33,1,2,fd_mean,1.048,0.278,33_fd_mean,966
34,1,1,fd_mean,0.379,0.278,34_fd_mean,967
34,1,2,fd_mean,0.086,0.278,34_fd_mean,968
35,1,1,fd_mean,-0.693,0.278,35_fd_mean,969
35,1,2,fd_mean,-0.43,0.278,35_fd_mean,970
36,1,1,fd_mean,-1.095,0.278,36_fd_mean,971
36,1,2,fd_mean,0.499,0.278,36_fd_mean,972
37,1,1,fd_mean,-1.597,0.278,37_fd_mean,973
37,1,2,fd_mean,-0.014,0.278,37_fd_mean,974
38,1,1,fd_mean,-0.529,0.278,38_fd_mean,975
38,1,2,fd_mean,-0.936,0.278,38_fd_mean,976
39,1,1,fd_mean,-1.719,0.278,39_fd_mean,977
39,1,2,fd_mean,0.164,0.278,39_fd_mean,978
40,1,1,fd_mean,-0.278,0.278,40_fd_mean,979
40,1,2,fd_mean,-1.094,0.278,40_fd_mean,980
41,1,1,fd_mean,1.019,0.278,41_fd_mean,981
41,1,2,fd_mean,1.244,0.278,41_fd_mean,982
42,1,1,fd_mean,0.964,0.278,42_fd_mean,983
42,1,2,fd_mean,0.967,0.278,42_fd_mean,984
43,1,1,fd_mean,-1.597,0.278,43_fd_mean,985
43,1,2,fd_mean,-1.073,0.278,43_fd_mean,986
44,1,1,fd_mean,0.421,0.278,44_fd_mean,987
44,1,2,fd_mean,-1.02,0.278,44_fd_mean,988
45,1,1,fd_mean,-0.949,0.278,45_fd_mean,989
45,1,2,fd_mean,-1.145,0.278,45_fd_mean,990
46,1,1,fd_mean,1.183,0.278,46_fd_mean,991
46,1,2,fd_mean,1.379,0.278,46_fd_mean,992
47,1,1,fd_mean,-1.158,0.278,47_fd_mean,993
47,1,2,fd_mean,-1.068,0.278,47_fd_mean,994
48,1,1,fd_mean,-0.121,0.278,48_fd_mean,995
48,1,2,fd_mean,0.141,0.278,48_fd_mean,996
49,1,1,fd_mean,1.506,0.278,49_fd_mean,997
49,1,2,fd_mean,-0.608,0.278,49_fd_mean,998
50,1,1,fd_mean,0.364,0.278,50_fd_mean,999
50,1,2,fd_mean,0.319,0.278,50_fd_mean,1000
51,1,1,fd_mean,-1.594,0.278,51_fd_mean,1001
51,1,2,fd_mean,-1.666,0.278,51_fd_mean,1002
52,1,1,fd_mean,0.826,0.278,52_fd_mean,1003
52,1,2,fd_mean,-0.821,0.278,52_fd_mean,1004
53,1,1,fd_mean,-0.263,0.278,53_fd_mean,1005
53,1,2,fd_mean,-0.851,0.278,53_fd_mean,1006
54,1,1,fd_mean,1.142,0.278,54_fd_mean,1007
54,1,2,fd_mean,1.339,0.278,54_fd_mean,1008
55,1,1,fd_mean,-1.113,0.278,55_fd_mean,1009
55,1,2,fd_mean,-0.888,0.278,55_fd_mean,1010
56,1,1,fd_mean,0.182,0.278,56_fd_mean,1011
56,1,2,fd_mean,-1.063,0.278,56_fd_mean,1012
57,1,1,fd_mean,-0.644,0.278,57_fd_mean,1013
57,1,2,fd_mean,1.657,0.278,57_fd_mean,1014
58,1,1,fd_mean,1.227,0.278,58_fd_mean,1015
58,1,2,fd_mean,-0.858,0.278,58_fd_mean,1016
59,1,1,fd_mean,-1.618,0.278,59_fd_mean,1017
59,1,2,fd_mean,-0.739,0.278,59_fd_mean,1018
60,1,1,fd_mean,0.424,0.278,60_fd_mean,1019
60,1,2,fd_mean,0.255,0.278,60_fd_mean,1020
61,1,1,fd_mean,-0.596,0.278,61_fd_mean,1021
61,1,2,fd_mean,0.344,0.278,61_fd_mean,1022
62,1,1,fd_mean,-0.164,0.278,62_fd_mean,1023
62,1,2,fd_mean,0.384,0.278,62_fd_mean,1024
63,1,1,fd_mean,-0.037,0.278,63_fd_mean,1025
63,1,2,fd_mean,0.166,0.278,63_fd_mean,1026
64,1,1,fd_mean,0.497,0.278,64_fd_mean,1027
64,1,2,fd_mean,-0.059,0.278,64_fd_mean,1028
65,1,1,fd_mean,0.419,0.278,65_fd_mean,1029
65,1,2,fd_mean,0.817,0.278,65_fd_mean,1030
66,1,1,fd_mean,0.251,0.278,66_fd_mean,1031
66,1,2,fd_mean,1.27,0.278,66_fd_mean,1032
67,1,1,fd_mean,-0.986,0.278,67_fd_mean,1033
67,1,2,fd_mean,-0.173,0.278,67_fd_mean,1034
68,1,1,fd_mean,1.252,0.278,68_fd_mean,1035
68,1,2,fd_mean,0.483,0.278,68_fd_mean,1036
69,1,1,fd_mean,-0.545,0.278,69_fd_mean,1037
69,1,2,fd_mean,0.302,0.278,69_fd_mean,1038
70,1,1,fd_mean,-0.481,0.278,70_fd_mean,1039
70,1,2,fd_mean,0.828,0.278,70_fd_mean,1040
71,1,1,fd_mean,-1.771,0.278,71_fd_mean,1041
71,1,2,fd_mean,-0.312,0.278,71_fd_mean,1042
72,1,1,fd_mean,1.704,0.278,72_fd_mean,1043
72,1,2,fd_mean,1.659,0.278,72_fd_mean,1044
73,1,1,fd_mean,1.601,0.278,73_fd_mean,1045
73,1,2,fd_mean,-0.806,0.278,73_fd_mean,1046
74,1,1,fd_mean,-0.922,0.278,74_fd_mean,1047
74,1,2,fd_mean,-0.124,0.278,74_fd_mean,1048
75,1,1,fd_mean,-0.217,0.278,75_fd_mean,1049
75,1,2,fd_mean,1.298,0.278,75_fd_mean,1050
76,1,1,fd_mean,0.874,0.278,76_fd_mean,1051
76,1,2,fd_mean,0.456,0.278,76_fd_mean,1052
77,1,1,fd_mean,-1.102,0.278,77_fd_mean,1053
77,1,2,fd_mean,0.451,0.278,77_fd_mean,1054
78,1,1,fd_mean,-1.439,0.278,78_fd_mean,1055
78,1,2,fd_mean,0.756,0.278,78_fd_mean,1056
79,1,1,fd_mean,-1.556,0.278,79_fd_mean,1057
79,1,2,fd_mean,-1.096,0.278,79_fd_mean,1058
80,1,1,fd_mean,1.286,0.278,80_fd_mean,1059
80,1,2,fd_mean,1.537,0.278,80_fd_mean,1060
81,1,1,fd_mean,-0.266,0.278,81_fd_mean,1061
81,1,2,fd_mean,-1.525,0.278,81_fd_mean,1062
82,1,1,fd_mean,1.511,0.278,82_fd_mean,1063
82,1,2,fd_mean,-1.66,0.278,82_fd_mean,1064
83,1,1,fd_mean,-1.648,0.278,83_fd_mean,1065
83,1,2,fd_mean,0.657,0.278,83_fd_mean,1066
84,1,1,fd_mean,0.005,0.278,84_fd_mean,1067
84,1,2,fd_mean,1.652,0.278,84_fd_mean,1068
85,1,1,fd_mean,-1.652,0.278,85_fd_mean,1069
85,1,2,fd_mean,-0.349,0.278,85_fd_mean,1070
86,1,1,fd_mean,-1.325,0.278,86_fd_mean,1071
86,1,2,fd_mean,1.424,0.278,86_fd_mean,1072
87,1,1,fd_mean,0.994,0.278,87_fd_mean,1073
87,1,2,fd_mean,1.007,0.278,87_fd_mean,1074
88,1,1,fd_mean,1.08,0.278,88_fd_mean,1075
88,1,2,fd_mean,1.251,0.278,88_fd_mean,1076
89,1,1,fd_mean,-1.218,0.278,89_fd_mean,1077
89,1,2,fd_mean,-1.02,0.278,89_fd_mean,1078
90,1,1,fd_mean,1.286,0.278,90_fd_mean,1079
90,1,2,fd_mean,-0.806,0.278,90_fd_mean,1080
91,1,1,fd_mean,-0.278,0.278,91_fd_mean,1081
91,1,2,fd_mean,-0.12,0.278,91_fd_mean,1082
92,1,1,fd_mean,-1.039,0.278,92_fd_mean,1083
92,1,2,fd_mean,1.665,0.278,92_fd_mean,1084
93,1,1,fd_mean,1.135,0.278,93_fd_mean,1085
93,1,2,fd_mean,-1.055,0.278,93_fd_mean,1086
94,1,1,fd_mean,0.099,0.278,94_fd_mean,1087
94,1,2,fd_mean,0.497,0.278,94_fd_mean,1088
95,1,1,fd_mean,-0.578,0.278,95_fd_mean,1089
95,1,2,fd_mean,-0.161,0.278,95_fd_mean,1090
96,1,1,fd_mean,-0.471,0.278,96_fd_mean,1091
96,1,2,fd_mean,-1.053,0.278,96_fd_mean,1092
97,1,1,fd_mean,1.294,0.278,97_fd_mean,1093
97,1,2,fd_mean,-1.46,0.278,97_fd_mean,1094
98,1,1,fd_mean,-1.008,0.278,98_fd_mean,1095
98,1,2,fd_mean,-0.051,0.278,98_fd_mean,1096
99,1,1,fd_mean,0.533,0.278,99_fd_mean,1097
99,1,2,fd_mean,-0.852,0.278,99_fd_mean,1098
100,1,1,fd_mean,1.393,0.278,100_fd_mean,1099
100,1,2,fd_mean,-1.519,0.278,100_fd_mean,1100
101,1,1,fd_mean,0.031,0.278,101_fd_mean,1101
101,1,2,fd_mean,1.388,0.278,101_fd_mean,1102
102,1,1,fd_mean,-0.904,0.278,102_fd_mean,1103
102,1,2,fd_mean,1.574,0.278,102_fd_mean,1104
103,1,1,fd_mean,0.744,0.278,103_fd_mean,1105
103,1,2,fd_mean,-0.533,0.278,103_fd_mean,1106
104,1,1,fd_mean,0.774,0.278,104_fd_mean,1107
104,1,2,fd_mean,-1.124,0.278,104_fd_mean,1108
105,1,1,fd_mean,1.227,0.278,105_fd_mean,1109
105,1,2,fd_mean,0.279,0.278,105_fd_mean,1110
106,1,1,fd_mean,-1.763,0.278,106_fd_mean,1111
106,1,2,fd_mean,1.15,0.278,106_fd_mean,1112
107,1,1,fd_mean,0.632,0.278,107_fd_mean,1113
107,1,2,fd_mean,-1.184,0.278,107_fd_mean,1114
108,1,1,fd_mean,-1.146,0.278,108_fd_mean,1115
108,1,2,fd_mean,0.087,0.278,108_fd_mean,1116
109,1,1,fd_mean,-0.952,0.278,109_fd_mean,1117
109,1,2,fd_mean,0.258,0.278,109_fd_mean,1118
110,1,1,fd_mean,1.109,0.278,110_fd_mean,1119
110,1,2,fd_mean,1.205,0.278,110_fd_mean,1120
111,1,1,fd_mean,-0.921,0.278,111_fd_mean,1121
111,1,2,fd_mean,-0.5,0.278,111_fd_mean,1122
112,1,1,fd_mean,1.671,0.278,112_fd_mean,1123
112,1,2,fd_mean,0.585,0.278,112_fd_mean,1124
113,1,1,fd_mean,1.438,0.278,113_fd_mean,1125
113,1,2,fd_mean,1.492,0.278,113_fd_mean,1126
114,1,1,fd_mean,-0.125,0.278,114_fd_mean,1127
114,1,2,fd_mean,-0.192,0.278,114_fd_mean,1128
115,1,1,fd_mean,0.791,0.278,115_fd_mean,1129
115,1,2,fd_mean,-0.474,0.278,115_fd_mean,1130
116,1,1,fd_mean,-1.53,0.278,116_fd_mean,1131
116,1,2,fd_mean,-1.525,0.278,116_fd_mean,1132
117,1,1,fd_mean,-0.826,0.278,117_fd_mean,1133
117,1,2,fd_mean,1.246,0.278,117_fd_mean,1134
118,1,1,fd_mean,-0.352,0.278,118_fd_mean,1135
118,1,2,fd_mean,-1.151,0.278,118_fd_mean,1136
119,1,1,fd_mean,0.508,0.278,119_fd_mean,1137
119,1,2,fd_mean,-0.946,0.278,119_fd_mean,1138
120,1,1,fd_mean,-0.404,0.278,120_fd_mean,1139
120,1,2,fd_mean,0.601,0.278,120_fd_mean,1140
121,1,1,fd_mean,-0.776,0.278,121_fd_mean,1141
121,1,2,fd_mean,0.631,0.278,121_fd_mean,1142
122,1,1,fd_mean,0.407,0.278,122_fd_mean,1143
122,1,2,fd_mean,-1.75,0.278,122_fd_mean,1144
123,1,1,fd_mean,0.076,0.278,123_fd_mean,1145
123,1,2,fd_mean,1.189,0.278,123_fd_mean,1146
124,1,1,fd_mean,0.17,0.278,124_fd_mean,1147
124,1,2,fd_mean,-0.199,0.278,124_fd_mean,1148
125,1,1,fd_mean,-0.506,0.278,125_fd_mean,1149
125,1,2,fd_mean,1.483,0.278,125_fd_mean,1150
126,1,1,fd_mean,1.269,0.278,126_fd_mean,1151
126,1,2,fd_mean,-1.556,0.278,126_fd_mean,1152
127,1,1,fd_mean,-1.605,0.278,127_fd_mean,1153
127,1,2,fd_mean,1.616,0.278,127_fd_mean,1154
128,1,1,fd_mean,-0.469,0.278,128_fd_mean,1155
128,1,2,fd_mean,-1.133,0.278,128_fd_mean,1156
129,1,1,fd_mean,-0.302,0.278,129_fd_mean,1157
129,1,2,fd_mean,0.73,0.278,129_fd_mean,1158
130,1,1,fd_mean,-0.861,0.278,130_fd_mean,1159
130,1,2,fd_mean,-0.358,0.278,130_fd_mean,1160
131,1,1,fd_mean,-0.81,0.278,131_fd_mean,1161
131,1,2,fd_mean,1.076,0.278,131_fd_mean,1162
132,1,1,fd_mean,-1.012,0.278,132_fd_mean,1163
132,1,2,fd_mean,0.599,0.278,132_fd_mean,1164
133,1,1,fd_mean,-0.071,0.278,133_fd_mean,1165
133,1,2,fd_mean,1.051,0.278,133_fd_mean,1166
134,1,1,fd_mean,-1.404,0.278,134_fd_mean,1167
134,1,2,fd_mean,-0.555,0.278,134_fd_mean,1168
135,1,1,fd_mean,0.404,0.278,135_fd_mean,1169
135,1,2,fd_mean,0.57,0.278,135_fd_mean,1170
136,1,1,fd_mean,0.142,0.278,136_fd_mean,1171
136,1,2,fd_mean,1.472,0.278,136_fd_mean,1172
137,1,1,fd_mean,1.534,0.278,137_fd_mean,1173
137,1,2,fd_mean,0.163,0.278,137_fd_mean,1174
138,1,1,fd_mean,0.783,0.278,138_fd_mean,1175
138,1,2,fd_mean,0.246,0.278,138_fd_mean,1176
139,1,1,fd_mean,1.33,0.278,139_fd_mean,1177
139,1,2,fd_mean,-1.095,0.278,139_fd_mean,1178
140,1,1,fd_mean,-1.574,0.278,140_fd_mean,1179
140,1,2,fd_mean,1.38,0.278,140_fd_mean,1180
141,1,1,fd_mean,1.592,0.278,141_fd_mean,1181
141,1,2,fd_mean,0.823,0.278,141_fd_mean,1182
142,1,1,fd_mean,1.079,0.278,142_fd_mean,1183
142,1,2,fd_mean,0.014,0.278,142_fd_mean,1184
143,1,1,fd_mean,-0.736,0.278,143_fd_mean,1185
143,1,2,fd_mean,1.231,0.278,143_fd_mean,1186
144,1,1,fd_mean,-1.358,0.278,144_fd_mean,1187
144,1,2,fd_mean,0.028,0.278,144_fd_mean,1188
145,1,1,fd_mean,-0.826,0.278,145_fd_mean,1189
145,1,2,fd_mean,-0.906,0.278,145_fd_mean,1190
146,1,1,fd_mean,-0.277,0.278,146_fd_mean,1191
146,1,2,fd_mean,1.598,0.278,146_fd_mean,1192
147,1,1,fd_mean,-0.465,0.278,147_fd_mean,1193
147,1,2,fd_mean,-1.57,0.278,147_fd_mean,1194
148,1,1,fd_mean,1.401,0.278,148_fd_mean,1195
148,1,2,fd_mean,-1.307,0.278,148_fd_mean,1196
149,1,1,fd_mean,-0.529,0.278,149_fd_mean,1197
149,1,2,fd_mean,0.096,0.278,149_fd_mean,1198
150,1,1,fd_mean,1.23,0.278,150_fd_mean,1199
150,1,2,fd_mean,-1.137,0.278,150_fd_mean,1200
1,1,1,fd_perc,-0.177,19.735,1_fd_perc,1201
1,1,2,fd_perc,-0.462,19.735,1_fd_perc,1202
2,1,1,fd_perc,0.707,19.735,2_fd_perc,1203
2,1,2,fd_perc,0.25,19.735,2_fd_perc,1204
3,1,1,fd_perc,-1.095,19.735,3_fd_perc,1205
3,1,2,fd_perc,1.615,19.735,3_fd_perc,1206
4,1,1,fd_perc,-1.519,19.735,4_fd_perc,1207
4,1,2,fd_perc,-0.06,19.735,4_fd_perc,1208
5,1,1,fd_perc,-0.406,19.735,5_fd_perc,1209
5,1,2,fd_perc,0.576,19.735,5_fd_perc,1210
6,1,1,fd_perc,-1.214,19.735,6_fd_perc,1211
6,1,2,fd_perc,-1.576,19.735,6_fd_perc,1212
7,1,1,fd_perc,-0.266,19.735,7_fd_perc,1213
7,1,2,fd_perc,-1.14,19.735,7_fd_perc,1214
8,1,1,fd_perc,0.11,19.735,8_fd_perc,1215
8,1,2,fd_perc,-0.759,19.735,8_fd_perc,1216
9,1,1,fd_perc,-0.686,19.735,9_fd_perc,1217
9,1,2,fd_perc,-1.338,19.735,9_fd_perc,1218
10,1,1,fd_perc,0.917,19.735,10_fd_perc,1219
10,1,2,fd_perc,0.493,19.735,10_fd_perc,1220
11,1,1,fd_perc,0.537,19.735,11_fd_perc,1221
11,1,2,fd_perc,0.949,19.735,11_fd_perc,1222
12,1,1,fd_perc,0.738,19.735,12_fd_perc,1223
12,1,2,fd_perc,-1.257,19.735,12_fd_perc,1224
13,1,1,fd_perc,-0.591,19.735,13_fd_perc,1225
13,1,2,fd_perc,-0.711,19.735,13_fd_perc,1226
14,1,1,fd_perc,-1.623,19.735,14_fd_perc,1227
14,1,2,fd_perc,-1.509,19.735,14_fd_perc,1228
15,1,1,fd_perc,0.046,19.735,15_fd_perc,1229
15,1,2,fd_perc,-0.72,19.735,15_fd_perc,1230
16,1,1,fd_perc,0.875,19.735,16_fd_perc,1231
16,1,2,fd_perc,0.622,19.735,16_fd_perc,1232
17,1,1,fd_perc,-0.649,19.735,17_fd_perc,1233
17,1,2,fd_perc,0.019,19.735,17_fd_perc,1234
18,1,1,fd_perc,0.548,19.735,18_fd_perc,1235
18,1,2,fd_perc,0.547,19.735,18_fd_perc,1236
19,1,1,fd_perc,-0.252,19.735,19_fd_perc,1237
19,1,2,fd_perc,-0.103,19.735,19_fd_perc,1238
20,1,1,fd_perc,-0.8,19.735,20_fd_perc,1239
20,1,2,fd_perc,0.836,19.735,20_fd_perc,1240
21,1,1,fd_perc,0.349,19.735,21_fd_perc,1241
21,1,2,fd_perc,1.03,19.735,21_fd_perc,1242
22,1,1,fd_perc,0.986,19.735,22_fd_perc,1243
22,1,2,fd_perc,1.501,19.735,22_fd_perc,1244
23,1,1,fd_perc,-0.033,19.735,23_fd_perc,1245
23,1,2,fd_perc,0.173,19.735,23_fd_perc,1246
24,1,1,fd_perc,-0.14,19.735,24_fd_perc,1247
24,1,2,fd_perc,1.558,19.735,24_fd_perc,1248
25,1,1,fd_perc,1.451,19.735,25_fd_perc,1249
25,1,2,fd_perc,-0.332,19.735,25_fd_perc,1250
26,1,1,fd_perc,1.542,19.735,26_fd_perc,1251
26,1,2,fd_perc,-0.991,19.735,26_fd_perc,1252
27,1,1,fd_perc,0.656,19.735,27_fd_perc,1253
27,1,2,fd_perc,0.917,19.735,27_fd_perc,1254
28,1,1,fd_perc,1.715,19.735,28_fd_perc,1255
28,1,2,fd_perc,0.546,19.735,28_fd_perc,1256
29,1,1,fd_perc,1.358,19.735,29_fd_perc,1257
29,1,2,fd_perc,-1.346,19.735,29_fd_perc,1258
30,1,1,fd_perc,-0.143,19.735,30_fd_perc,1259
30,1,2,fd_perc,0.901,19.735,30_fd_perc,1260
31,1,1,fd_perc,0.32,19.735,31_fd_perc,1261
31,1,2,fd_perc,-1.297,19.735,31_fd_perc,1262
32,1,1,fd_perc,-0.316,19.735,32_fd_perc,1263
32,1,2,fd_perc,0.214,19.735,32_fd_perc,1264
33,1,1,fd_perc,-1.644,19.735,33_fd_perc,1265
33,1,2,fd_perc,1.602,19.735,33_fd_perc,1266
34,1,1,fd_perc,1.295,19.735,34_fd_perc,1267
34,1,2,fd_perc,1.633,19.735,34_fd_perc,1268
35,1,1,fd_perc,-1.133,19.735,35_fd_perc,1269
35,1,2,fd_perc,1.029,19.735,35_fd_perc,1270
36,1,1,fd_perc,-0.921,19.735,36_fd_perc,1271
36,1,2,fd_perc,-0.896,19.735,36_fd_perc,1272
37,1,1,fd_perc,1.702,19.735,37_fd_perc,1273
37,1,2,fd_perc,0.473,19.735,37_fd_perc,1274
38,1,1,fd_perc,-1.138,19.735,38_fd_perc,1275
38,1,2,fd_perc,1.094,19.735,38_fd_perc,1276
39,1,1,fd_perc,1.27,19.735,39_fd_perc,1277
39,1,2,fd_perc,1.29,19.735,39_fd_perc,1278
40,1,1,fd_perc,1.426,19.735,40_fd_perc,1279
40,1,2,fd_perc,-0.957,19.735,40_fd_perc,1280
41,1,1,fd_perc,-1.329,19.735,41_fd_perc,1281
41,1,2,fd_perc,0.5,19.735,41_fd_perc,1282
42,1,1,fd_perc,0.872,19.735,42_fd_perc,1283
42,1,2,fd_perc,-0.47,19.735,42_fd_perc,1284
43,1,1,fd_perc,0.245,19.735,43_fd_perc,1285
43,1,2,fd_perc,1.579,19.735,43_fd_perc,1286
44,1,1,fd_perc,-1.254,19.735,44_fd_perc,1287
44,1,2,fd_perc,-0.827,19.735,44_fd_perc,1288
45,1,1,fd_perc,0.647,19.735,45_fd_perc,1289
45,1,2,fd_perc,-1.417,19.735,45_fd_perc,1290
46,1,1,fd_perc,-0.557,19.735,46_fd_perc,1291
46,1,2,fd_perc,1.493,19.735,46_fd_perc,1292
47,1,1,fd_perc,-1.022,19.735,47_fd_perc,1293
47,1,2,fd_perc,-1.417,19.735,47_fd_perc,1294
48,1,1,fd_perc,-1.597,19.735,48_fd_perc,1295
48,1,2,fd_perc,-1.599,19.735,48_fd_perc,1296
49,1,1,fd_perc,0.063,19.735,49_fd_perc,1297
49,1,2,fd_perc,-1.151,19.735,49_fd_perc,1298
50,1,1,fd_perc,-1.499,19.735,50_fd_perc,1299
50,1,2,fd_perc,-1.586,19.735,50_fd_perc,1300
51,1,1,fd_perc,-1.605,19.735,51_fd_perc,1301
51,1,2,fd_perc,-0.145,19.735,51_fd_perc,1302
52,1,1,fd_perc,0.273,19.735,52_fd_perc,1303
52,1,2,fd_perc,-1.058,19.735,52_fd_perc,1304
53,1,1,fd_perc,1.478,19.735,53_fd_perc,1305
53,1,2,fd_perc,1.041,19.735,53_fd_perc,1306
54,1,1,fd_perc,-0.47,19.735,54_fd_perc,1307
54,1,2,fd_perc,0.361,19.735,54_fd_perc,1308
55,1,1,fd_perc,-1.363,19.735,55_fd_perc,1309
55,1,2,fd_perc,1.301,19.735,55_fd_perc,1310
56,1,1,fd_perc,1.414,19.735,56_fd_perc,1311
56,1,2,fd_perc,0.22,19.735,56_fd_perc,1312
57,1,1,fd_perc,-1.514,19.735,57_fd_perc,1313
57,1,2,fd_perc,0.922,19.735,57_fd_perc,1314
58,1,1,fd_perc,0.259,19.735,58_fd_perc,1315
58,1,2,fd_perc,1.682,19.735,58_fd_perc,1316
59,1,1,fd_perc,0.685,19.735,59_fd_perc,1317
59,1,2,fd_perc,0.217,19.735,59_fd_perc,1318
60,1,1,fd_perc,-1.241,19.735,60_fd_perc,1319
60,1,2,fd_perc,1.711,19.735,60_fd_perc,1320
61,1,1,fd_perc,0.635,19.735,61_fd_perc,1321
61,1,2,fd_perc,-0.866,19.735,61_fd_perc,1322
62,1,1,fd_perc,1.552,19.735,62_fd_perc,1323
62,1,2,fd_perc,-0.416,19.735,62_fd_perc,1324
63,1,1,fd_perc,-0.815,19.735,63_fd_perc,1325
63,1,2,fd_perc,0.086,19.735,63_fd_perc,1326
64,1,1,fd_perc,-1.646,19.735,64_fd_perc,1327
64,1,2,fd_perc,-1.553,19.735,64_fd_perc,1328
65,1,1,fd_perc,-0.232,19.735,65_fd_perc,1329
65,1,2,fd_perc,1.319,19.735,65_fd_perc,1330
66,1,1,fd_perc,1.365,19.735,66_fd_perc,1331
66,1,2,fd_perc,-0.853,19.735,66_fd_perc,1332
67,1,1,fd_perc,-0.883,19.735,67_fd_perc,1333
67,1,2,fd_perc,-1.198,19.735,67_fd_perc,1334
68,1,1,fd_perc,0.02,19.735,68_fd_perc,1335
68,1,2,fd_perc,1.182,19.735,68_fd_perc,1336
69,1,1,fd_perc,-0.357,19.735,69_fd_perc,1337
69,1,2,fd_perc,-1.099,19.735,69_fd_perc,1338
70,1,1,fd_perc,-0.91,19.735,70_fd_perc,1339
70,1,2,fd_perc,-0.375,19.735,70_fd_perc,1340
71,1,1,fd_perc,-0.113,19.735,71_fd_perc,1341
71,1,2,fd_perc,1.656,19.735,71_fd_perc,1342
72,1,1,fd_perc,0.143,19.735,72_fd_perc,1343
72,1,2,fd_perc,0.243,19.735,72_fd_perc,1344
73,1,1,fd_perc,1.427,19.735,73_fd_perc,1345
73,1,2,fd_perc,1.485,19.735,73_fd_perc,1346
74,1,1,fd_perc,0.243,19.735,74_fd_perc,1347
74,1,2,fd_perc,-0.718,19.735,74_fd_perc,1348
75,1,1,fd_perc,0.726,19.735,75_fd_perc,1349
75,1,2,fd_perc,0.015,19.735,75_fd_perc,1350
76,1,1,fd_perc,-0.519,19.735,76_fd_perc,1351
76,1,2,fd_perc,-1.377,19.735,76_fd_perc,1352
77,1,1,fd_perc,0.616,19.735,77_fd_perc,1353
77,1,2,fd_perc,-1.468,19.735,77_fd_perc,1354
78,1,1,fd_perc,1.436,19.735,78_fd_perc,1355
78,1,2,fd_perc,-1.645,19.735,78_fd_perc,1356
79,1,1,fd_perc,1.489,19.735,79_fd_perc,1357
79,1,2,fd_perc,-0.542,19.735,79_fd_perc,1358
80,1,1,fd_perc,1.375,19.735,80_fd_perc,1359
80,1,2,fd_perc,-1.392,19.735,80_fd_perc,1360
81,1,1,fd_perc,-1.546,19.735,81_fd_perc,1361
81,1,2,fd_perc,-0.581,19.735,81_fd_perc,1362
82,1,1,fd_perc,0.732,19.735,82_fd_perc,1363
82,1,2,fd_perc,-1.127,19.735,82_fd_perc,1364
83,1,1,fd_perc,0.356,19.735,83_fd_perc,1365
83,1,2,fd_perc,0.222,19.735,83_fd_perc,1366
84,1,1,fd_perc,1.307,19.735,84_fd_perc,1367
84,1,2,fd_perc,-1.139,19.735,84_fd_perc,1368
85,1,1,fd_perc,-0.522,19.735,85_fd_perc,1369
85,1,2,fd_perc,1.02,19.735,85_fd_perc,1370
86,1,1,fd_perc,0.626,19.735,86_fd_perc,1371
86,1,2,fd_perc,0.018,19.735,86_fd_perc,1372
87,1,1,fd_perc,-1.141,19.735,87_fd_perc,1373
87,1,2,fd_perc,1.711,19.735,87_fd_perc,1374
88,1,1,fd_perc,1.169,19.735,88_fd_perc,1375
88,1,2,fd_perc,0.974,19.735,88_fd_perc,1376
89,1,1,fd_perc,-0.897,19.735,89_fd_perc,1377
89,1,2,fd_perc,-1.018,19.735,89_fd_perc,1378
90,1,1,fd_perc,-0.655,19.735,90_fd_perc,1379
90,1,2,fd_perc,-0.443,19.735,90_fd_perc,1380
91,1,1,fd_perc,0.369,19.735,91_fd_perc,1381
91,1,2,fd_perc,0.903,19.735,91_fd_perc,1382
92,1,1,fd_perc,0.278,19.735,92_fd_perc,1383
92,1,2,fd_perc,-0.137,19.735,92_fd_perc,1384
93,1,1,fd_perc,1.104,19.735,93_fd_perc,1385
93,1,2,fd_perc,-1.141,19.735,93_fd_perc,1386
94,1,1,fd_perc,-0.204,19.735,94_fd_perc,1387
94,1,2,fd_perc,-0.679,19.735,94_fd_perc,1388
95,1,1,fd_perc,-0.917,19.735,95_fd_perc,1389
95,1,2,fd_perc,-0.266,19.735,95_fd_perc,1390
96,1,1,fd_perc,-0.608,19.735,96_fd_perc,1391
96,1,2,fd_perc,0.093,19.735,96_fd_perc,1392
97,1,1,fd_perc,0.534,19.735,97_fd_perc,1393
97,1,2,fd_perc,1.54,19.735,97_fd_perc,1394
98,1,1,fd_perc,0.008,19.735,98_fd_perc,1395
98,1,2,fd_perc,-0.512,19.735,98_fd_perc,1396
99,1,1,fd_perc,0.778,19.735,99_fd_perc,1397
99,1,2,fd_perc,1.116,19.735,99_fd_perc,1398
100,1,1,fd_perc,1.607,19.735,100_fd_perc,1399
100,1,2,fd_perc,-0.411,19.735,100_fd_perc,1400
101,1,1,fd_perc,0.566,19.735,101_fd_perc,1401
101,1,2,fd_perc,1.037,19.735,101_fd_perc,1402
102,1,1,fd_perc,-1.546,19.735,102_fd_perc,1403
102,1,2,fd_perc,1.246,19.735,102_fd_perc,1404
103,1,1,fd_perc,-0.023,19.735,103_fd_perc,1405
103,1,2,fd_perc,0.417,19.735,103_fd_perc,1406
104,1,1,fd_perc,-0.922,19.735,104_fd_perc,1407
104,1,2,fd_perc,0.766,19.735,104_fd_perc,1408
105,1,1,fd_perc,0.07,19.735,105_fd_perc,1409
105,1,2,fd_perc,-1.131,19.735,105_fd_perc,1410
106,1,1,fd_perc,0.211,19.735,106_fd_perc,1411
106,1,2,fd_perc,-1.461,19.735,106_fd_perc,1412
107,1,1,fd_perc,1.304,19.735,107_fd_perc,1413
107,1,2,fd_perc,0.33,19.735,107_fd_perc,1414
108,1,1,fd_perc,0.774,19.735,108_fd_perc,1415
108,1,2,fd_perc,1.297,19.735,108_fd_perc,1416
109,1,1,fd_perc,-1.559,19.735,109_fd_perc,1417
109,1,2,fd_perc,-1.591,19.735,109_fd_perc,1418
110,1,1,fd_perc,1.4,19.735,110_fd_perc,1419
110,1,2,fd_perc,0.114,19.735,110_fd_perc,1420
111,1,1,fd_perc,0.083,19.735,111_fd_perc,1421
111,1,2,fd_perc,-0.588,19.735,111_fd_perc,1422
112,1,1,fd_perc,-1.654,19.735,112_fd_perc,1423
112,1,2,fd_perc,-1.11,19.735,112_fd_perc,1424
113,1,1,fd_perc,-0.975,19.735,113_fd_perc,1425
113,1,2,fd_perc,-0.082,19.735,113_fd_perc,1426
114,1,1,fd_perc,0.532,19.735,114_fd_perc,1427
114,1,2,fd_perc,-0.251,19.735,114_fd_perc,1428
115,1,1,fd_perc,-1.179,19.735,115_fd_perc,1429
115,1,2,fd_perc,0.599,19.735,115_fd_perc,1430
116,1,1,fd_perc,-0.495,19.735,116_fd_perc,1431
116,1,2,fd_perc,0.644,19.735,116_fd_perc,1432
117,1,1,fd_perc,1.684,19.735,117_fd_perc,1433
117,1,2,fd_perc,-1.383,19.735,117_fd_perc,1434
118,1,1,fd_perc,1.188,19.735,118_fd_perc,1435
118,1,2,fd_perc,0.167,19.735,118_fd_perc,1436
119,1,1,fd_perc,-1.132,19.735,119_fd_perc,1437
119,1,2,fd_perc,-0.718,19.735,119_fd_perc,1438
120,1,1,fd_perc,-1.154,19.735,120_fd_perc,1439
120,1,2,fd_perc,0.026,19.735,120_fd_perc,1440
121,1,1,fd_perc,-1.116,19.735,121_fd_perc,1441
121,1,2,fd_perc,-1.479,19.735,121_fd_perc,1442
122,1,1,fd_perc,-0.016,19.735,122_fd_perc,1443
122,1,2,fd_perc,-0.61,19.735,122_fd_perc,1444
123,1,1,fd_perc,-1.096,19.735,123_fd_perc,1445
123,1,2,fd_perc,0.467,19.735,123_fd_perc,1446
124,1,1,fd_perc,-0.829,19.735,124_fd_perc,1447
124,1,2,fd_perc,1.455,19.735,124_fd_perc,1448
125,1,1,fd_perc,-0.262,19.735,125_fd_perc,1449
125,1,2,fd_perc,-0.137,19.735,125_fd_perc,1450
126,1,1,fd_perc,-0.175,19.735,126_fd_perc,1451
126,1,2,fd_perc,1.368,19.735,126_fd_perc,1452
127,1,1,fd_perc,0.862,19.735,127_fd_perc,1453
127,1,2,fd_perc,0.133,19.735,127_fd_perc,1454
128,1,1,fd_perc,-1.413,19.735,128_fd_perc,1455
128,1,2,fd_perc,-1.007,19.735,128_fd_perc,1456
129,1,1,fd_perc,1.117,19.735,129_fd_perc,1457
129,1,2,fd_perc,-0.003,19.735,129_fd_perc,1458
130,1,1,fd_perc,-0.537,19.735,130_fd_perc,1459
130,1,2,fd_perc,-0.222,19.735,130_fd_perc,1460
131,1,1,fd_perc,0.849,19.735,131_fd_perc,1461
131,1,2,fd_perc,0.885,19.735,131_fd_perc,1462
132,1,1,fd_perc,-1.557,19.735,132_fd_perc,1463
132,1,2,fd_perc,1.646,19.735,132_fd_perc,1464
133,1,1,fd_perc,-1.022,19.735,133_fd_perc,1465
133,1,2,fd_perc,-0.217,19.735,133_fd_perc,1466
134,1,1,fd_perc,1.488,19.735,134_fd_perc,1467
134,1,2,fd_perc,0.648,19.735,134_fd_perc,1468
135,1,1,fd_perc,-0.813,19.735,135_fd_perc,1469
135,1,2,fd_perc,1.655,19.735,135_fd_perc,1470
136,1,1,fd_perc,-0.653,19.735,136_fd_perc,1471
136,1,2,fd_perc,-0.637,19.735,136_fd_perc,1472
137,1,1,fd_perc,0.627,19.735,137_fd_perc,1473
137,1,2,fd_perc,-0.262,19.735,137_fd_perc,1474
138,1,1,fd_perc,0.387,19.735,138_fd_perc,1475
138,1,2,fd_perc,-1.497,19.735,138_fd_perc,1476
139,1,1,fd_perc,0.864,19.735,139_fd_perc,1477
139,1,2,fd_perc,-0.409,19.735,139_fd_perc,1478
140,1,1,fd_perc,1.124,19.735,140_fd_perc,1479
140,1,2,fd_perc,0.92,19.735,140_fd_perc,1480
141,1,1,fd_perc,0.504,19.735,141_fd_perc,1481
141,1,2,fd_perc,1.418,19.735,141_fd_perc,1482
142,1,1,fd_perc,-0.088,19.735,142_fd_perc,1483
142,1,2,fd_perc,0.909,19.735,142_fd_perc,1484
143,1,1,fd_perc,-1.072,19.735,143_fd_perc,1485
143,1,2,fd_perc,0.258,19.735,143_fd_perc,1486
144,1,1,fd_perc,0.614,19.735,144_fd_perc,1487
144,1,2,fd_perc,0.005,19.735,144_fd_perc,1488
145,1,1,fd_perc,1.319,19.735,145_fd_perc,1489
145,1,2,fd_perc,-1.087,19.735,145_fd_perc,1490
146,1,1,fd_perc,-1.467,19.735,146_fd_perc,1491
146,1,2,fd_perc,0.952,19.735,146_fd_perc,1492
147,1,1,fd_perc,-0.382,19.735,147_fd_perc,1493
147,1,2,fd_perc,1.226,19.735,147_fd_perc,1494
148,1,1,fd_perc,1.462,19.735,148_fd_perc,1495
148,1,2,fd_perc,-0.76,19.735,148_fd_perc,1496
149,1,1,fd_perc,-1.198,19.735,149_fd_perc,1497
149,1,2,fd_perc,0.804,19.735,149_fd_perc,1498
150,1,1,fd_perc,-1.373,19.735,150_fd_perc,1499
150,1,2,fd_perc,-0.688,19.735,150_fd_perc,1500
1,1,1,gcor,1.39,0.192,1_gcor,1501
1,1,2,gcor,1.794,0.192,1_gcor,1502
2,1,1,gcor,-0.582,0.192,2_gcor,1503
2,1,2,gcor,1.052,0.192,2_gcor,1504
3,1,1,gcor,-1.628,0.192,3_gcor,1505
3,1,2,gcor,1.101,0.192,3_gcor,1506
4,1,1,gcor,0.073,0.192,4_gcor,1507
4,1,2,gcor,-0.746,0.192,4_gcor,1508
5,1,1,gcor,1.286,0.192,5_gcor,1509
5,1,2,gcor,-0.361,0.192,5_gcor,1510
6,1,1,gcor,0.736,0.192,6_gcor,1511
6,1,2,gcor,0.294,0.192,6_gcor,1512
7,1,1,gcor,-0.359,0.192,7_gcor,1513
7,1,2,gcor,-1.293,0.192,7_gcor,1514
8,1,1,gcor,-1.343,0.192,8_gcor,1515
8,1,2,gcor,-1.205,0.192,8_gcor,1516
9,1,1,gcor,0.943,0.192,9_gcor,1517
9,1,2,gcor,0.514,0.192,9_gcor,1518
10,1,1,gcor,-0.733,0.192,10_gcor,1519
10,1,2,gcor,-1.27,0.192,10_gcor,1520
11,1,1,gcor,-1.384,0.192,11_gcor,1521
11,1,2,gcor,0.81,0.192,11_gcor,1522
12,1,1,gcor,-1.085,0.192,12_gcor,1523
12,1,2,gcor,-1.226,0.192,12_gcor,1524
13,1,1,gcor,1.133,0.192,13_gcor,1525
13,1,2,gcor,-0.504,0.192,13_gcor,1526
14,1,1,gcor,-0.955,0.192,14_gcor,1527
14,1,2,gcor,-0.869,0.192,14_gcor,1528
15,1,1,gcor,1.574,0.192,15_gcor,1529
15,1,2,gcor,0.828,0.192,15_gcor,1530
16,1,1,gcor,-0.459,0.192,16_gcor,1531
16,1,2,gcor,0.865,0.192,16_gcor,1532
17,1,1,gcor,0.421,0.192,17_gcor,1533
17,1,2,gcor,-1.225,0.192,17_gcor,1534
18,1,1,gcor,-0.629,0.192,18_gcor,1535
18,1,2,gcor,1.739,0.192,18_gcor,1536
19,1,1,gcor,-1.704,0.192,19_gcor,1537
19,1,2,gcor,0.859,0.192,19_gcor,1538
20,1,1,gcor,1.607,0.192,20_gcor,1539
20,1,2,gcor,-0.565,0.192,20_gcor,1540
21,1,1,gcor,-0.646,0.192,21_gcor,1541
21,1,2,gcor,0.168,0.192,21_gcor,1542
22,1,1,gcor,0.348,0.192,22_gcor,1543
22,1,2,gcor,-0.022,0.192,22_gcor,1544
23,1,1,gcor,1.753,0.192,23_gcor,1545
23,1,2,gcor,-1.113,0.192,23_gcor,1546
24,1,1,gcor,-0.825,0.192,24_gcor,1547
24,1,2,gcor,0.03,0.192,24_gcor,1548
25,1,1,gcor,-0.478,0.192,25_gcor,1549
25,1,2,gcor,1.618,0.192,25_gcor,1550
26,1,1,gcor,-0.388,0.192,26_gcor,1551
26,1,2,gcor,1.099,0.192,26_gcor,1552
27,1,1,gcor,-1.626,0.192,27_gcor,1553
27,1,2,gcor,0.025,0.192,27_gcor,1554
28,1,1,gcor,-1.015,0.192,28_gcor,1555
28,1,2,gcor,1.871,0.192,28_gcor,1556
29,1,1,gcor,-1.19,0.192,29_gcor,1557
29,1,2,gcor,-0.286,0.192,29_gcor,1558
30,1,1,gcor,-0.292,0.192,30_gcor,1559
30,1,2,gcor,1.274,0.192,30_gcor,1560
31,1,1,gcor,-1.004,0.192,31_gcor,1561
31,1,2,gcor,-1.294,0.192,31_gcor,1562
32,1,1,gcor,0.401,0.192,32_gcor,1563
32,1,2,gcor,-0.552,0.192,32_gcor,1564
33,1,1,gcor,-1.571,0.192,33_gcor,1565
33,1,2,gcor,1.769,0.192,33_gcor,1566
34,1,1,gcor,-1.623,0.192,34_gcor,1567
34,1,2,gcor,-1.419,0.192,34_gcor,1568
35,1,1,gcor,0.221,0.192,35_gcor,1569
35,1,2,gcor,0.26,0.192,35_gcor,1570
36,1,1,gcor,0.152,0.192,36_gcor,1571
36,1,2,gcor,-0.129,0.192,36_gcor,1572
37,1,1,gcor,0.046,0.192,37_gcor,1573
37,1,2,gcor,-0.455,0.192,37_gcor,1574
38,1,1,gcor,-0.996,0.192,38_gcor,1575
38,1,2,gcor,-0.092,0.192,38_gcor,1576
39,1,1,gcor,1.896,0.192,39_gcor,1577
39,1,2,gcor,1.503,0.192,39_gcor,1578
40,1,1,gcor,-1.204,0.192,40_gcor,1579
40,1,2,gcor,0.163,0.192,40_gcor,1580
41,1,1,gcor,-0.02,0.192,41_gcor,1581
41,1,2,gcor,1.116,0.192,41_gcor,1582
42,1,1,gcor,-0.671,0.192,42_gcor,1583
42,1,2,gcor,0.594,0.192,42_gcor,1584
43,1,1,gcor,0.079,0.192,43_gcor,1585
43,1,2,gcor,0.853,0.192,43_gcor,1586
44,1,1,gcor,-1.453,0.192,44_gcor,1587
44,1,2,gcor,1.33,0.192,44_gcor,1588
45,1,1,gcor,-1.443,0.192,45_gcor,1589
45,1,2,gcor,0.152,0.192,45_gcor,1590
46,1,1,gcor,0.606,0.192,46_gcor,1591
46,1,2,gcor,-0.974,0.192,46_gcor,1592
47,1,1,gcor,1.36,0.192,47_gcor,1593
47,1,2,gcor,1.188,0.192,47_gcor,1594
48,1,1,gcor,-0.125,0.192,48_gcor,1595
48,1,2,gcor,1.629,0.192,48_gcor,1596
49,1,1,gcor,-0.583,0.192,49_gcor,1597
49,1,2,gcor,-1.391,0.192,49_gcor,1598
50,1,1,gcor,-0.675,0.192,50_gcor,1599
50,1,2,gcor,0.15,0.192,50_gcor,1600
51,1,1,gcor,-0.076,0.192,51_gcor,1601
51,1,2,gcor,-0.701,0.192,51_gcor,1602
52,1,1,gcor,-0.938,0.192,52_gcor,1603
52,1,2,gcor,0.503,0.192,52_gcor,1604
53,1,1,gcor,0.11,0.192,53_gcor,1605
53,1,2,gcor,0.465,0.192,53_gcor,1606
54,1,1,gcor,0.333,0.192,54_gcor,1607
54,1,2,gcor,1.235,0.192,54_gcor,1608
55,1,1,gcor,-1.298,0.192,55_gcor,1609
55,1,2,gcor,-1.217,0.192,55_gcor,1610
56,1,1,gcor,1.155,0.192,56_gcor,1611
56,1,2,gcor,-0.929,0.192,56_gcor,1612
57,1,1,gcor,-1.692,0.192,57_gcor,1613
57,1,2,gcor,0.082,0.192,57_gcor,1614
58,1,1,gcor,-1.46,0.192,58_gcor,1615
58,1,2,gcor,-1.168,0.192,58_gcor,1616
59,1,1,gcor,1.35,0.192,59_gcor,1617
59,1,2,gcor,0.443,0.192,59_gcor,1618
60,1,1,gcor,-0.995,0.192,60_gcor,1619
60,1,2,gcor,-1.131,0.192,60_gcor,1620
61,1,1,gcor,-1.384,0.192,61_gcor,1621
61,1,2,gcor,-1.328,0.192,61_gcor,1622
62,1,1,gcor,1.283,0.192,62_gcor,1623
62,1,2,gcor,0.55,0.192,62_gcor,1624
63,1,1,gcor,0.194,0.192,63_gcor,1625
63,1,2,gcor,0.47,0.192,63_gcor,1626
64,1,1,gcor,-0.103,0.192,64_gcor,1627
64,1,2,gcor,-1.19,0.192,64_gcor,1628
65,1,1,gcor,0.313,0.192,65_gcor,1629
65,1,2,gcor,0.923,0.192,65_gcor,1630
66,1,1,gcor,-1.457,0.192,66_gcor,1631
66,1,2,gcor,0.714,0.192,66_gcor,1632
67,1,1,gcor,-1.095,0.192,67_gcor,1633
67,1,2,gcor,-0.29,0.192,67_gcor,1634
68,1,1,gcor,-1.591,0.192,68_gcor,1635
68,1,2,gcor,1.868,0.192,68_gcor,1636
69,1,1,gcor,1.308,0.192,69_gcor,1637
69,1,2,gcor,-1.548,0.192,69_gcor,1638
70,1,1,gcor,-0.081,0.192,70_gcor,1639
70,1,2,gcor,-0.153,0.192,70_gcor,1640
71,1,1,gcor,-1.637,0.192,71_gcor,1641
71,1,2,gcor,0.52,0.192,71_gcor,1642
72,1,1,gcor,0.721,0.192,72_gcor,1643
72,1,2,gcor,1.474,0.192,72_gcor,1644
73,1,1,gcor,0.16,0.192,73_gcor,1645
73,1,2,gcor,0.116,0.192,73_gcor,1646
74,1,1,gcor,-0.003,0.192,74_gcor,1647
74,1,2,gcor,0.849,0.192,74_gcor,1648
75,1,1,gcor,0.52,0.192,75_gcor,1649
75,1,2,gcor,0.519,0.192,75_gcor,1650
76,1,1,gcor,0.496,0.192,76_gcor,1651
76,1,2,gcor,-0.301,0.192,76_gcor,1652
77,1,1,gcor,-0.733,0.192,77_gcor,1653
77,1,2,gcor,1.095,0.192,77_gcor,1654
78,1,1,gcor,-0.583,0.192,78_gcor,1655
78,1,2,gcor,0.121,0.192,78_gcor,1656
79,1,1,gcor,1.039,0.192,79_gcor,1657
79,1,2,gcor,-0.72,0.192,79_gcor,1658
80,1,1,gcor,0.322,0.192,80_gcor,1659
80,1,2,gcor,0.803,0.192,80_gcor,1660
81,1,1,gcor,-0.715,0.192,81_gcor,1661
81,1,2,gcor,-0.786,0.192,81_gcor,1662
82,1,1,gcor,1.183,0.192,82_gcor,1663
82,1,2,gcor,-1.336,0.192,82_gcor,1664
83,1,1,gcor,-0.574,0.192,83_gcor,1665
83,1,2,gcor,-0.978,0.192,83_gcor,1666
84,1,1,gcor,1.223,0.192,84_gcor,1667
84,1,2,gcor,0.199,0.192,84_gcor,1668
85,1,1,gcor,0.742,0.192,85_gcor,1669
85,1,2,gcor,0.527,0.192,85_gcor,1670
86,1,1,gcor,0.984,0.192,86_gcor,1671
86,1,2,gcor,1.214,0.192,86_gcor,1672
87,1,1,gcor,1.314,0.192,87_gcor,1673
87,1,2,gcor,-1.297,0.192,87_gcor,1674
88,1,1,gcor,-0.603,0.192,88_gcor,1675
88,1,2,gcor,-0.654,0.192,88_gcor,1676
89,1,1,gcor,0.658,0.192,89_gcor,1677
89,1,2,gcor,-1.326,0.192,89_gcor,1678
90,1,1,gcor,-0.951,0.192,90_gcor,1679
90,1,2,gcor,0.495,0.192,90_gcor,1680
91,1,1,gcor,-1.377,0.192,91_gcor,1681
91,1,2,gcor,1.872,0.192,91_gcor,1682
92,1,1,gcor,0.381,0.192,92_gcor,1683
92,1,2,gcor,1.002,0.192,92_gcor,1684
93,1,1,gcor,1.151,0.192,93_gcor,1685
93,1,2,gcor,0.32,0.192,93_gcor,1686
94,1,1,gcor,-0.301,0.192,94_gcor,1687
94,1,2,gcor,-0.122,0.192,94_gcor,1688
95,1,1,gcor,1.194,0.192,95_gcor,1689
95,1,2,gcor,-1.703,0.192,95_gcor,1690
96,1,1,gcor,-0.266,0.192,96_gcor,1691
96,1,2,gcor,0.257,0.192,96_gcor,1692
97,1,1,gcor,0.087,0.192,97_gcor,1693
97,1,2,gcor,-1.327,0.192,97_gcor,1694
98,1,1,gcor,0.643,0.192,98_gcor,1695
98,1,2,gcor,-1.059,0.192,98_gcor,1696
99,1,1,gcor,-0.91,0.192,99_gcor,1697
99,1,2,gcor,-0.113,0.192,99_gcor,1698
100,1,1,gcor,0.83,0.192,100_gcor,1699
100,1,2,gcor,-0.72,0.192,100_gcor,1700
101,1,1,gcor,0.311,0.192,101_gcor,1701
101,1,2,gcor,1.492,0.192,101_gcor,1702
102,1,1,gcor,-0.327,0.192,102_gcor,1703
102,1,2,gcor,-0.279,0.192,102_gcor,1704
103,1,1,gcor,1.607,0.192,103_gcor,1705
103,1,2,gcor,0.984,0.192,103_gcor,1706
104,1,1,gcor,1.441,0.192,104_gcor,1707
104,1,2,gcor,-0.759,0.192,104_gcor,1708
105,1,1,gcor,-0.183,0.192,105_gcor,1709
105,1,2,gcor,1.574,0.192,105_gcor,1710
106,1,1,gcor,-0.467,0.192,106_gcor,1711
106,1,2,gcor,0.967,0.192,106_gcor,1712
107,1,1,gcor,0.166,0.192,107_gcor,1713
107,1,2,gcor,-1.181,0.192,107_gcor,1714
108,1,1,gcor,0.391,0.192,108_gcor,1715
108,1,2,gcor,-1.12,0.192,108_gcor,1716
109,1,1,gcor,-0.598,0.192,109_gcor,1717
109,1,2,gcor,1.331,0.192,109_gcor,1718
110,1,1,gcor,-0.704,0.192,110_gcor,1719
110,1,2,gcor,1.36,0.192,110_gcor,1720
111,1,1,gcor,1.458,0.192,111_gcor,1721
111,1,2,gcor,0.651,0.192,111_gcor,1722
112,1,1,gcor,0.73,0.192,112_gcor,1723
112,1,2,gcor,-0.395,0.192,112_gcor,1724
113,1,1,gcor,-0.947,0.192,113_gcor,1725
113,1,2,gcor,-0.543,0.192,113_gcor,1726
114,1,1,gcor,-1.519,0.192,114_gcor,1727
114,1,2,gcor,1.431,0.192,114_gcor,1728
115,1,1,gcor,-1.308,0.192,115_gcor,1729
115,1,2,gcor,-0.265,0.192,115_gcor,1730
116,1,1,gcor,0.421,0.192,116_gcor,1731
116,1,2,gcor,-1.531,0.192,116_gcor,1732
117,1,1,gcor,-1.475,0.192,117_gcor,1733
117,1,2,gcor,-0.715,0.192,117_gcor,1734
118,1,1,gcor,1.026,0.192,118_gcor,1735
118,1,2,gcor,0.284,0.192,118_gcor,1736
119,1,1,gcor,1.463,0.192,119_gcor,1737
119,1,2,gcor,0.115,0.192,119_gcor,1738
120,1,1,gcor,0.445,0.192,120_gcor,1739
120,1,2,gcor,-0.669,0.192,120_gcor,1740
121,1,1,gcor,-0.714,0.192,121_gcor,1741
121,1,2,gcor,0.439,0.192,121_gcor,1742
122,1,1,gcor,-0.83,0.192,122_gcor,1743
122,1,2,gcor,-1.13,0.192,122_gcor,1744
123,1,1,gcor,-1.552,0.192,123_gcor,1745
123,1,2,gcor,0.582,0.192,123_gcor,1746
124,1,1,gcor,1.896,0.192,124_gcor,1747
124,1,2,gcor,0.142,0.192,124_gcor,1748
125,1,1,gcor,1.12,0.192,125_gcor,1749
125,1,2,gcor,-1.115,0.192,125_gcor,1750
126,1,1,gcor,-0.938,0.192,126_gcor,1751
126,1,2,gcor,0.035,0.192,126_gcor,1752
127,1,1,gcor,-1.262,0.192,127_gcor,1753
127,1,2,gcor,1.521,0.192,127_gcor,1754
128,1,1,gcor,-1.446,0.192,128_gcor,1755
128,1,2,gcor,-0.858,0.192,128_gcor,1756
129,1,1,gcor,0.02,0.192,129_gcor,1757
129,1,2,gcor,1.742,0.192,129_gcor,1758
130,1,1,gcor,-0.091,0.192,130_gcor,1759
130,1,2,gcor,-0.804,0.192,130_gcor,1760
131,1,1,gcor,-0.819,0.192,131_gcor,1761
131,1,2,gcor,0.665,0.192,131_gcor,1762
132,1,1,gcor,0.446,0.192,132_gcor,1763
132,1,2,gcor,-0.036,0.192,132_gcor,1764
133,1,1,gcor,0.916,0.192,133_gcor,1765
133,1,2,gcor,0.931,0.192,133_gcor,1766
134,1,1,gcor,0.205,0.192,134_gcor,1767
134,1,2,gcor,-1.247,0.192,134_gcor,1768
135,1,1,gcor,1.771,0.192,135_gcor,1769
135,1,2,gcor,-1.074,0.192,135_gcor,1770
136,1,1,gcor,0.48,0.192,136_gcor,1771
136,1,2,gcor,-0.508,0.192,136_gcor,1772
137,1,1,gcor,1.361,0.192,137_gcor,1773
137,1,2,gcor,0.364,0.192,137_gcor,1774
138,1,1,gcor,-1.462,0.192,138_gcor,1775
138,1,2,gcor,0.321,0.192,138_gcor,1776
139,1,1,gcor,-0.199,0.192,139_gcor,1777
139,1,2,gcor,1.422,0.192,139_gcor,1778
140,1,1,gcor,-1.359,0.192,140_gcor,1779
140,1,2,gcor,-1.478,0.192,140_gcor,1780
141,1,1,gcor,1.134,0.192,141_gcor,1781
141,1,2,gcor,0.978,0.192,141_gcor,1782
142,1,1,gcor,1.417,0.192,142_gcor,1783
142,1,2,gcor,0.327,0.192,142_gcor,1784
143,1,1,gcor,-0.388,0.192,143_gcor,1785
143,1,2,gcor,-0.041,0.192,143_gcor,1786
144,1,1,gcor,-0.511,0.192,144_gcor,1787
144,1,2,gcor,-1.558,0.192,144_gcor,1788
145,1,1,gcor,0.584,0.192,145_gcor,1789
145,1,2,gcor,1.248,0.192,145_gcor,1790
146,1,1,gcor,0.699,0.192,146_gcor,1791
146,1,2,gcor,-0.676,0.192,146_gcor,1792
147,1,1,gcor,1.72,0.192,147_gcor,1793
147,1,2,gcor,1.116,0.192,147_gcor,1794
148,1,1,gcor,-1.082,0.192,148_gcor,1795
148,1,2,gcor,0.103,0.192,148_gcor,1796
149,1,1,gcor,1.606,0.192,149_gcor,1797
149,1,2,gcor,-1.47,0.192,149_gcor,1798
150,1,1,gcor,-0.329,0.192,150_gcor,1799
150,1,2,gcor,0.605,0.192,150_gcor,1800
1,1,1,gsr_x,0.631,0.036,1_gsr_x,1801
1,1,2,gsr_x,1.325,0.036,1_gsr_x,1802
2,1,1,gsr_x,1.109,0.036,2_gsr_x,1803
2,1,2,gsr_x,0.409,0.036,2_gsr_x,1804
3,1,1,gsr_x,-1.52,0.036,3_gsr_x,1805
3,1,2,gsr_x,0.7,0.036,3_gsr_x,1806
4,1,1,gsr_x,-0.67,0.036,4_gsr_x,1807
4,1,2,gsr_x,-0.664,0.036,4_gsr_x,1808
5,1,1,gsr_x,1.024,0.036,5_gsr_x,1809
5,1,2,gsr_x,-1.504,0.036,5_gsr_x,1810
6,1,1,gsr_x,-1.407,0.036,6_gsr_x,1811
6,1,2,gsr_x,0.407,0.036,6_gsr_x,1812
7,1,1,gsr_x,-0.33,0.036,7_gsr_x,1813
7,1,2,gsr_x,-1.764,0.036,7_gsr_x,1814
8,1,1,gsr_x,1.113,0.036,8_gsr_x,1815
8,1,2,gsr_x,-0.146,0.036,8_gsr_x,1816
9,1,1,gsr_x,-1.122,0.036,9_gsr_x,1817
9,1,2,gsr_x,-1.232,0.036,9_gsr_x,1818
10,1,1,gsr_x,-0.549,0.036,10_gsr_x,1819
10,1,2,gsr_x,0.245,0.036,10_gsr_x,1820
11,1,1,gsr_x,1.339,0.036,11_gsr_x,1821
11,1,2,gsr_x,1.129,0.036,11_gsr_x,1822
12,1,1,gsr_x,-1.514,0.036,12_gsr_x,1823
12,1,2,gsr_x,-0.854,0.036,12_gsr_x,1824
13,1,1,gsr_x,0.106,0.036,13_gsr_x,1825
13,1,2,gsr_x,-1.226,0.036,13_gsr_x,1826
14,1,1,gsr_x,0.021,0.036,14_gsr_x,1827
14,1,2,gsr_x,-0.804,0.036,14_gsr_x,1828
15,1,1,gsr_x,0.241,0.036,15_gsr_x,1829
15,1,2,gsr_x,0.406,0.036,15_gsr_x,1830
16,1,1,gsr_x,-1.4,0.036,16_gsr_x,1831
16,1,2,gsr_x,0.902,0.036,16_gsr_x,1832
17,1,1,gsr_x,-0.433,0.036,17_gsr_x,1833
17,1,2,gsr_x,-0.545,0.036,17_gsr_x,1834
18,1,1,gsr_x,-0.984,0.036,18_gsr_x,1835
18,1,2,gsr_x,-0.023,0.036,18_gsr_x,1836
19,1,1,gsr_x,-1.442,0.036,19_gsr_x,1837
19,1,2,gsr_x,-1.306,0.036,19_gsr_x,1838
20,1,1,gsr_x,-0.229,0.036,20_gsr_x,1839
20,1,2,gsr_x,1.314,0.036,20_gsr_x,1840
21,1,1,gsr_x,0.512,0.036,21_gsr_x,1841
21,1,2,gsr_x,-0.394,0.036,21_gsr_x,1842
22,1,1,gsr_x,-1.468,0.036,22_gsr_x,1843
22,1,2,gsr_x,-1.142,0.036,22_gsr_x,1844
23,1,1,gsr_x,0.472,0.036,23_gsr_x,1845
23,1,2,gsr_x,-0.942,0.036,23_gsr_x,1846
24,1,1,gsr_x,0.677,0.036,24_gsr_x,1847
24,1,2,gsr_x,1.538,0.036,24_gsr_x,1848
25,1,1,gsr_x,-1.661,0.036,25_gsr_x,1849
25,1,2,gsr_x,-0.708,0.036,25_gsr_x,1850
26,1,1,gsr_x,0.777,0.036,26_gsr_x,1851
26,1,2,gsr_x,1.21,0.036,26_gsr_x,1852
27,1,1,gsr_x,-0.422,0.036,27_gsr_x,1853
27,1,2,gsr_x,-0.222,0.036,27_gsr_x,1854
28,1,1,gsr_x,-1.294,0.036,28_gsr_x,1855
28,1,2,gsr_x,1.701,0.036,28_gsr_x,1856
29,1,1,gsr_x,1.275,0.036,29_gsr_x,1857
29,1,2,gsr_x,0.775,0.036,29_gsr_x,1858
30,1,1,gsr_x,1.261,0.036,30_gsr_x,1859
30,1,2,gsr_x,0.149,0.036,30_gsr_x,1860
31,1,1,gsr_x,0.568,0.036,31_gsr_x,1861
31,1,2,gsr_x,0.356,0.036,31_gsr_x,1862
32,1,1,gsr_x,-1.385,0.036,32_gsr_x,1863
32,1,2,gsr_x,-0.614,0.036,32_gsr_x,1864
33,1,1,gsr_x,0.571,0.036,33_gsr_x,1865
33,1,2,gsr_x,1.192,0.036,33_gsr_x,1866
34,1,1,gsr_x,0.005,0.036,34_gsr_x,1867
34,1,2,gsr_x,0.469,0.036,34_gsr_x,1868
35,1,1,gsr_x,1.405,0.036,35_gsr_x,1869
35,1,2,gsr_x,0.086,0.036,35_gsr_x,1870
36,1,1,gsr_x,1.477,0.036,36_gsr_x,1871
36,1,2,gsr_x,1.511,0.036,36_gsr_x,1872
37,1,1,gsr_x,-0.146,0.036,37_gsr_x,1873
37,1,2,gsr_x,0.508,0.036,37_gsr_x,1874
38,1,1,gsr_x,-0.807,0.036,38_gsr_x,1875
38,1,2,gsr_x,1.068,0.036,38_gsr_x,1876
39,1,1,gsr_x,0.334,0.036,39_gsr_x,1877
39,1,2,gsr_x,-0.725,0.036,39_gsr_x,1878
40,1,1,gsr_x,0.562,0.036,40_gsr_x,1879
40,1,2,gsr_x,1.03,0.036,40_gsr_x,1880
41,1,1,gsr_x,-1.128,0.036,41_gsr_x,1881
41,1,2,gsr_x,-1.092,0.036,41_gsr_x,1882
42,1,1,gsr_x,-1.421,0.036,42_gsr_x,1883
42,1,2,gsr_x,-0.16,0.036,42_gsr_x,1884
43,1,1,gsr_x,-1.643,0.036,43_gsr_x,1885
43,1,2,gsr_x,0.412,0.036,43_gsr_x,1886
44,1,1,gsr_x,1.667,0.036,44_gsr_x,1887
44,1,2,gsr_x,-0.669,0.036,44_gsr_x,1888
45,1,1,gsr_x,-0.256,0.036,45_gsr_x,1889
45,1,2,gsr_x,-0.133,0.036,45_gsr_x,1890
46,1,1,gsr_x,-0.379,0.036,46_gsr_x,1891
46,1,2,gsr_x,0.033,0.036,46_gsr_x,1892
47,1,1,gsr_x,-0.258,0.036,47_gsr_x,1893
47,1,2,gsr_x,1.324,0.036,47_gsr_x,1894
48,1,1,gsr_x,0.442,0.036,48_gsr_x,1895
48,1,2,gsr_x,1.533,0.036,48_gsr_x,1896
49,1,1,gsr_x,1.595,0.036,49_gsr_x,1897
49,1,2,gsr_x,0.549,0.036,49_gsr_x,1898
50,1,1,gsr_x,-1.344,0.036,50_gsr_x,1899
50,1,2,gsr_x,-0.617,0.036,50_gsr_x,1900
51,1,1,gsr_x,1.146,0.036,51_gsr_x,1901
51,1,2,gsr_x,1.191,0.036,51_gsr_x,1902
52,1,1,gsr_x,1.349,0.036,52_gsr_x,1903
52,1,2,gsr_x,-1.789,0.036,52_gsr_x,1904
53,1,1,gsr_x,0.045,0.036,53_gsr_x,1905
53,1,2,gsr_x,1.196,0.036,53_gsr_x,1906
54,1,1,gsr_x,-0.375,0.036,54_gsr_x,1907
54,1,2,gsr_x,-1.6,0.036,54_gsr_x,1908
55,1,1,gsr_x,1.454,0.036,55_gsr_x,1909
55,1,2,gsr_x,-0.705,0.036,55_gsr_x,1910
56,1,1,gsr_x,-1.631,0.036,56_gsr_x,1911
56,1,2,gsr_x,1.209,0.036,56_gsr_x,1912
57,1,1,gsr_x,0.745,0.036,57_gsr_x,1913
57,1,2,gsr_x,1.417,0.036,57_gsr_x,1914
58,1,1,gsr_x,-1.236,0.036,58_gsr_x,1915
58,1,2,gsr_x,1.104,0.036,58_gsr_x,1916
59,1,1,gsr_x,-0.997,0.036,59_gsr_x,1917
59,1,2,gsr_x,0.967,0.036,59_gsr_x,1918
60,1,1,gsr_x,0.872,0.036,60_gsr_x,1919
60,1,2,gsr_x,-1.122,0.036,60_gsr_x,1920
61,1,1,gsr_x,0.259,0.036,61_gsr_x,1921
61,1,2,gsr_x,-0.641,0.036,61_gsr_x,1922
62,1,1,gsr_x,-0.857,0.036,62_gsr_x,1923
62,1,2,gsr_x,1.392,0.036,62_gsr_x,1924
63,1,1,gsr_x,-0.51,0.036,63_gsr_x,1925
63,1,2,gsr_x,-0.436,0.036,63_gsr_x,1926
64,1,1,gsr_x,-0.655,0.036,64_gsr_x,1927
64,1,2,gsr_x,0.337,0.036,64_gsr_x,1928
65,1,1,gsr_x,-0.625,0.036,65_gsr_x,1929
65,1,2,gsr_x,0.99,0.036,65_gsr_x,1930
66,1,1,gsr_x,0.197,0.036,66_gsr_x,1931
66,1,2,gsr_x,-0.935,0.036,66_gsr_x,1932
67,1,1,gsr_x,0.438,0.036,67_gsr_x,1933
67,1,2,gsr_x,1.324,0.036,67_gsr_x,1934
68,1,1,gsr_x,-1.041,0.036,68_gsr_x,1935
68,1,2,gsr_x,-1.266,0.036,68_gsr_x,1936
69,1,1,gsr_x,-1.573,0.036,69_gsr_x,1937
69,1,2,gsr_x,1.254,0.036,69_gsr_x,1938
70,1,1,gsr_x,-0.2,0.036,70_gsr_x,1939
70,1,2,gsr_x,1.048,0.036,70_gsr_x,1940
71,1,1,gsr_x,-0.955,0.036,71_gsr_x,1941
71,1,2,gsr_x,0.323,0.036,71_gsr_x,1942
72,1,1,gsr_x,-0.223,0.036,72_gsr_x,1943
72,1,2,gsr_x,0.523,0.036,72_gsr_x,1944
73,1,1,gsr_x,-0.647,0.036,73_gsr_x,1945
73,1,2,gsr_x,1.064,0.036,73_gsr_x,1946
74,1,1,gsr_x,0.482,0.036,74_gsr_x,1947
74,1,2,gsr_x,1.52,0.036,74_gsr_x,1948
75,1,1,gsr_x,-1.821,0.036,75_gsr_x,1949
75,1,2,gsr_x,-1.302,0.036,75_gsr_x,1950
76,1,1,gsr_x,0.318,0.036,76_gsr_x,1951
76,1,2,gsr_x,-0.926,0.036,76_gsr_x,1952
77,1,1,gsr_x,-0.872,0.036,77_gsr_x,1953
77,1,2,gsr_x,-0.505,0.036,77_gsr_x,1954
78,1,1,gsr_x,1.64,0.036,78_gsr_x,1955
78,1,2,gsr_x,1.48,0.036,78_gsr_x,1956
79,1,1,gsr_x,1.43,0.036,79_gsr_x,1957
79,1,2,gsr_x,1.037,0.036,79_gsr_x,1958
80,1,1,gsr_x,1.417,0.036,80_gsr_x,1959
80,1,2,gsr_x,-1.585,0.036,80_gsr_x,1960
81,1,1,gsr_x,-1.505,0.036,81_gsr_x,1961
81,1,2,gsr_x,1.701,0.036,81_gsr_x,1962
82,1,1,gsr_x,0.302,0.036,82_gsr_x,1963
82,1,2,gsr_x,-0.057,0.036,82_gsr_x,1964
83,1,1,gsr_x,-0.669,0.036,83_gsr_x,1965
83,1,2,gsr_x,0.588,0.036,83_gsr_x,1966
84,1,1,gsr_x,-0.011,0.036,84_gsr_x,1967
84,1,2,gsr_x,-1.533,0.036,84_gsr_x,1968
85,1,1,gsr_x,0.841,0.036,85_gsr_x,1969
85,1,2,gsr_x,-0.772,0.036,85_gsr_x,1970
86,1,1,gsr_x,-1.1,0.036,86_gsr_x,1971
86,1,2,gsr_x,0.575,0.036,86_gsr_x,1972
87,1,1,gsr_x,-0.123,0.036,87_gsr_x,1973
87,1,2,gsr_x,1.179,0.036,87_gsr_x,1974
88,1,1,gsr_x,0.86,0.036,88_gsr_x,1975
88,1,2,gsr_x,1.009,0.036,88_gsr_x,1976
89,1,1,gsr_x,-0.679,0.036,89_gsr_x,1977
89,1,2,gsr_x,1.58,0.036,89_gsr_x,1978
90,1,1,gsr_x,-0.743,0.036,90_gsr_x,1979
90,1,2,gsr_x,-0.789,0.036,90_gsr_x,1980
91,1,1,gsr_x,0.083,0.036,91_gsr_x,1981
91,1,2,gsr_x,0.833,0.036,91_gsr_x,1982
92,1,1,gsr_x,-1.246,0.036,92_gsr_x,1983
92,1,2,gsr_x,-0.193,0.036,92_gsr_x,1984
93,1,1,gsr_x,-0.099,0.036,93_gsr_x,1985
93,1,2,gsr_x,0.474,0.036,93_gsr_x,1986
94,1,1,gsr_x,-0.323,0.036,94_gsr_x,1987
94,1,2,gsr_x,0.59,0.036,94_gsr_x,1988
95,1,1,gsr_x,-0.289,0.036,95_gsr_x,1989
95,1,2,gsr_x,1.537,0.036,95_gsr_x,1990
96,1,1,gsr_x,-1.366,0.036,96_gsr_x,1991
96,1,2,gsr_x,0.501,0.036,96_gsr_x,1992
97,1,1,gsr_x,-1.509,0.036,97_gsr_x,1993
97,1,2,gsr_x,-0.436,0.036,97_gsr_x,1994
98,1,1,gsr_x,-1.53,0.036,98_gsr_x,1995
98,1,2,gsr_x,0.698,0.036,98_gsr_x,1996
99,1,1,gsr_x,-1.154,0.036,99_gsr_x,1997
99,1,2,gsr_x,0.83,0.036,99_gsr_x,1998
100,1,1,gsr_x,-1.267,0.036,100_gsr_x,1999
100,1,2,gsr_x,0.744,0.036,100_gsr_x,2000
101,1,1,gsr_x,-0.756,0.036,101_gsr_x,2001
101,1,2,gsr_x,-0.474,0.036,101_gsr_x,2002
102,1,1,gsr_x,-0.158,0.036,102_gsr_x,2003
102,1,2,gsr_x,0.424,0.036,102_gsr_x,2004
103,1,1,gsr_x,1.019,0.036,103_gsr_x,2005
103,1,2,gsr_x,0.822,0.036,103_gsr_x,2006
104,1,1,gsr_x,0.298,0.036,104_gsr_x,2007
104,1,2,gsr_x,1.188,0.036,104_gsr_x,2008
105,1,1,gsr_x,1.05,0.036,105_gsr_x,2009
105,1,2,gsr_x,-1.072,0.036,105_gsr_x,2010
106,1,1,gsr_x,1.491,0.036,106_gsr_x,2011
106,1,2,gsr_x,1.137,0.036,106_gsr_x,2012
107,1,1,gsr_x,1.109,0.036,107_gsr_x,2013
107,1,2,gsr_x,-0.309,0.036,107_gsr_x,2014
108,1,1,gsr_x,-1.127,0.036,108_gsr_x,2015
108,1,2,gsr_x,-0.524,0.036,108_gsr_x,2016
109,1,1,gsr_x,1.356,0.036,109_gsr_x,2017
109,1,2,gsr_x,1.61,0.036,109_gsr_x,2018
110,1,1,gsr_x,0.456,0.036,110_gsr_x,2019
110,1,2,gsr_x,1.69,0.036,110_gsr_x,2020
111,1,1,gsr_x,-1.407,0.036,111_gsr_x,2021
111,1,2,gsr_x,-0.133,0.036,111_gsr_x,2022
112,1,1,gsr_x,-0.952,0.036,112_gsr_x,2023
112,1,2,gsr_x,1.167,0.036,112_gsr_x,2024
113,1,1,gsr_x,1.626,0.036,113_gsr_x,2025
113,1,2,gsr_x,-0.823,0.036,113_gsr_x,2026
114,1,1,gsr_x,-0.633,0.036,114_gsr_x,2027
114,1,2,gsr_x,1.286,0.036,114_gsr_x,2028
115,1,1,gsr_x,-1.37,0.036,115_gsr_x,2029
115,1,2,gsr_x,-0.144,0.036,115_gsr_x,2030
116,1,1,gsr_x,-0.044,0.036,116_gsr_x,2031
116,1,2,gsr_x,-1.374,0.036,116_gsr_x,2032
117,1,1,gsr_x,1.463,0.036,117_gsr_x,2033
117,1,2,gsr_x,0.483,0.036,117_gsr_x,2034
118,1,1,gsr_x,-0.291,0.036,118_gsr_x,2035
118,1,2,gsr_x,0.692,0.036,118_gsr_x,2036
119,1,1,gsr_x,-0.334,0.036,119_gsr_x,2037
119,1,2,gsr_x,1.3,0.036,119_gsr_x,2038
120,1,1,gsr_x,0.296,0.036,120_gsr_x,2039
120,1,2,gsr_x,-1.202,0.036,120_gsr_x,2040
121,1,1,gsr_x,1.277,0.036,121_gsr_x,2041
121,1,2,gsr_x,1.646,0.036,121_gsr_x,2042
122,1,1,gsr_x,-1.004,0.036,122_gsr_x,2043
122,1,2,gsr_x,-0.751,0.036,122_gsr_x,2044
123,1,1,gsr_x,-0.282,0.036,123_gsr_x,2045
123,1,2,gsr_x,0.319,0.036,123_gsr_x,2046
124,1,1,gsr_x,-1.025,0.036,124_gsr_x,2047
124,1,2,gsr_x,0.37,0.036,124_gsr_x,2048
125,1,1,gsr_x,-0.364,0.036,125_gsr_x,2049
125,1,2,gsr_x,-0.818,0.036,125_gsr_x,2050
126,1,1,gsr_x,1.408,0.036,126_gsr_x,2051
126,1,2,gsr_x,1.329,0.036,126_gsr_x,2052
127,1,1,gsr_x,-0.664,0.036,127_gsr_x,2053
127,1,2,gsr_x,0.189,0.036,127_gsr_x,2054
128,1,1,gsr_x,-0.241,0.036,128_gsr_x,2055
128,1,2,gsr_x,0.996,0.036,128_gsr_x,2056
129,1,1,gsr_x,-1.619,0.036,129_gsr_x,2057
129,1,2,gsr_x,1.261,0.036,129_gsr_x,2058
130,1,1,gsr_x,1.217,0.036,130_gsr_x,2059
130,1,2,gsr_x,-0.61,0.036,130_gsr_x,2060
131,1,1,gsr_x,-1.269,0.036,131_gsr_x,2061
131,1,2,gsr_x,0.467,0.036,131_gsr_x,2062
132,1,1,gsr_x,0.464,0.036,132_gsr_x,2063
132,1,2,gsr_x,-0.303,0.036,132_gsr_x,2064
133,1,1,gsr_x,-0.179,0.036,133_gsr_x,2065
133,1,2,gsr_x,-1.514,0.036,133_gsr_x,2066
134,1,1,gsr_x,-1.208,0.036,134_gsr_x,2067
134,1,2,gsr_x,-1.096,0.036,134_gsr_x,2068
135,1,1,gsr_x,-0.754,0.036,135_gsr_x,2069
135,1,2,gsr_x,-1.156,0.036,135_gsr_x,2070
136,1,1,gsr_x,-0.53,0.036,136_gsr_x,2071
136,1,2,gsr_x,0.536,0.036,136_gsr_x,2072
137,1,1,gsr_x,0.825,0.036,137_gsr_x,2073
137,1,2,gsr_x,-0.156,0.036,137_gsr_x,2074
138,1,1,gsr_x,-0.27,0.036,138_gsr_x,2075
138,1,2,gsr_x,-0.452,0.036,138_gsr_x,2076
139,1,1,gsr_x,-1.784,0.036,139_gsr_x,2077
139,1,2,gsr_x,-0.518,0.036,139_gsr_x,2078
140,1,1,gsr_x,-1.615,0.036,140_gsr_x,2079
140,1,2,gsr_x,-1.596,0.036,140_gsr_x,2080
141,1,1,gsr_x,1.338,0.036,141_gsr_x,2081
141,1,2,gsr_x,1.462,0.036,141_gsr_x,2082
142,1,1,gsr_x,-0.976,0.036,142_gsr_x,2083
142,1,2,gsr_x,-0.037,0.036,142_gsr_x,2084
143,1,1,gsr_x,-1.278,0.036,143_gsr_x,2085
143,1,2,gsr_x,1.311,0.036,143_gsr_x,2086
144,1,1,gsr_x,1.088,0.036,144_gsr_x,2087
144,1,2,gsr_x,-0.916,0.036,144_gsr_x,2088
145,1,1,gsr_x,0.37,0.036,145_gsr_x,2089
145,1,2,gsr_x,1.056,0.036,145_gsr_x,2090
146,1,1,gsr_x,-0.534,0.036,146_gsr_x,2091
146,1,2,gsr_x,0.36,0.036,146_gsr_x,2092
147,1,1,gsr_x,-0.127,0.036,147_gsr_x,2093
147,1,2,gsr_x,1.198,0.036,147_gsr_x,2094
148,1,1,gsr_x,-0.533,0.036,148_gsr_x,2095
148,1,2,gsr_x,-0.309,0.036,148_gsr_x,2096
149,1,1,gsr_x,-1.661,0.036,149_gsr_x,2097
149,1,2,gsr_x,-1.426,0.036,149_gsr_x,2098
150,1,1,gsr_x,-0.914,0.036,150_gsr_x,2099
150,1,2,gsr_x,0.73,0.036,150_gsr_x,2100
1,1,1,gsr_y,-1.264,0.033,1_gsr_y,2101
1,1,2,gsr_y,1.078,0.033,1_gsr_y,2102
2,1,1,gsr_y,1.168,0.033,2_gsr_y,2103
2,1,2,gsr_y,0.308,0.033,2_gsr_y,2104
3,1,1,gsr_y,0.886,0.033,3_gsr_y,2105
3,1,2,gsr_y,-0.048,0.033,3_gsr_y,2106
4,1,1,gsr_y,-1.092,0.033,4_gsr_y,2107
4,1,2,gsr_y,0.196,0.033,4_gsr_y,2108
5,1,1,gsr_y,-0.501,0.033,5_gsr_y,2109
5,1,2,gsr_y,0.97,0.033,5_gsr_y,2110
6,1,1,gsr_y,0.147,0.033,6_gsr_y,2111
6,1,2,gsr_y,-1.224,0.033,6_gsr_y,2112
7,1,1,gsr_y,0.645,0.033,7_gsr_y,2113
7,1,2,gsr_y,-1.397,0.033,7_gsr_y,2114
8,1,1,gsr_y,-1.409,0.033,8_gsr_y,2115
8,1,2,gsr_y,-0.16,0.033,8_gsr_y,2116
9,1,1,gsr_y,0.792,0.033,9_gsr_y,2117
9,1,2,gsr_y,0.347,0.033,9_gsr_y,2118
10,1,1,gsr_y,-0.51,0.033,10_gsr_y,2119
10,1,2,gsr_y,0.762,0.033,10_gsr_y,2120
11,1,1,gsr_y,-1.488,0.033,11_gsr_y,2121
11,1,2,gsr_y,-1.449,0.033,11_gsr_y,2122
12,1,1,gsr_y,-0.959,0.033,12_gsr_y,2123
12,1,2,gsr_y,-0.544,0.033,12_gsr_y,2124
13,1,1,gsr_y,-0.11,0.033,13_gsr_y,2125
13,1,2,gsr_y,-0.512,0.033,13_gsr_y,2126
14,1,1,gsr_y,-1.026,0.033,14_gsr_y,2127
14,1,2,gsr_y,0.091,0.033,14_gsr_y,2128
15,1,1,gsr_y,1.324,0.033,15_gsr_y,2129
15,1,2,gsr_y,1.774,0.033,15_gsr_y,2130
16,1,1,gsr_y,-1.447,0.033,16_gsr_y,2131
16,1,2,gsr_y,1.376,0.033,16_gsr_y,2132
17,1,1,gsr_y,-0.646,0.033,17_gsr_y,2133
17,1,2,gsr_y,-1.357,0.033,17_gsr_y,2134
18,1,1,gsr_y,-0.483,0.033,18_gsr_y,2135
18,1,2,gsr_y,-0.105,0.033,18_gsr_y,2136
19,1,1,gsr_y,1.367,0.033,19_gsr_y,2137
19,1,2,gsr_y,-1.425,0.033,19_gsr_y,2138
20,1,1,gsr_y,0.479,0.033,20_gsr_y,2139
20,1,2,gsr_y,0.446,0.033,20_gsr_y,2140
21,1,1,gsr_y,1.276,0.033,21_gsr_y,2141
21,1,2,gsr_y,-1.265,0.033,21_gsr_y,2142
22,1,1,gsr_y,1.508,0.033,22_gsr_y,2143
22,1,2,gsr_y,-0.295,0.033,22_gsr_y,2144
23,1,1,gsr_y,0.11,0.033,23_gsr_y,2145
23,1,2,gsr_y,-1.038,0.033,23_gsr_y,2146
24,1,1,gsr_y,1.328,0.033,24_gsr_y,2147
24,1,2,gsr_y,-1.027,0.033,24_gsr_y,2148
25,1,1,gsr_y,-0.415,0.033,25_gsr_y,2149
25,1,2,gsr_y,0.899,0.033,25_gsr_y,2150
26,1,1,gsr_y,-0.207,0.033,26_gsr_y,2151
26,1,2,gsr_y,-0.742,0.033,26_gsr_y,2152
27,1,1,gsr_y,1.409,0.033,27_gsr_y,2153
27,1,2,gsr_y,-0.764,0.033,27_gsr_y,2154
28,1,1,gsr_y,-0.139,0.033,28_gsr_y,2155
28,1,2,gsr_y,0.181,0.033,28_gsr_y,2156
29,1,1,gsr_y,-1.258,0.033,29_gsr_y,2157
29,1,2,gsr_y,-0.705,0.033,29_gsr_y,2158
30,1,1,gsr_y,1.753,0.033,30_gsr_y,2159
30,1,2,gsr_y,-0.268,0.033,30_gsr_y,2160
31,1,1,gsr_y,-0.854,0.033,31_gsr_y,2161
31,1,2,gsr_y,-1.169,0.033,31_gsr_y,2162
32,1,1,gsr_y,-0.488,0.033,32_gsr_y,2163
32,1,2,gsr_y,-0.291,0.033,32_gsr_y,2164
33,1,1,gsr_y,0.339,0.033,33_gsr_y,2165
33,1,2,gsr_y,-0.945,0.033,33_gsr_y,2166
34,1,1,gsr_y,0.001,0.033,34_gsr_y,2167
34,1,2,gsr_y,1.396,0.033,34_gsr_y,2168
35,1,1,gsr_y,0.356,0.033,35_gsr_y,2169
35,1,2,gsr_y,1.491,0.033,35_gsr_y,2170
36,1,1,gsr_y,1.759,0.033,36_gsr_y,2171
36,1,2,gsr_y,-0.292,0.033,36_gsr_y,2172
37,1,1,gsr_y,-0.143,0.033,37_gsr_y,2173
37,1,2,gsr_y,0.713,0.033,37_gsr_y,2174
38,1,1,gsr_y,0.226,0.033,38_gsr_y,2175
38,1,2,gsr_y,-0.763,0.033,38_gsr_y,2176
39,1,1,gsr_y,1.459,0.033,39_gsr_y,2177
39,1,2,gsr_y,-0.212,0.033,39_gsr_y,2178
40,1,1,gsr_y,1.202,0.033,40_gsr_y,2179
40,1,2,gsr_y,-1.282,0.033,40_gsr_y,2180
41,1,1,gsr_y,-0.952,0.033,41_gsr_y,2181
41,1,2,gsr_y,1.554,0.033,41_gsr_y,2182
42,1,1,gsr_y,-0.771,0.033,42_gsr_y,2183
42,1,2,gsr_y,1.791,0.033,42_gsr_y,2184
43,1,1,gsr_y,-0.395,0.033,43_gsr_y,2185
43,1,2,gsr_y,0.96,0.033,43_gsr_y,2186
44,1,1,gsr_y,-1.333,0.033,44_gsr_y,2187
44,1,2,gsr_y,0.762,0.033,44_gsr_y,2188
45,1,1,gsr_y,-0.186,0.033,45_gsr_y,2189
45,1,2,gsr_y,1.569,0.033,45_gsr_y,2190
46,1,1,gsr_y,1.014,0.033,46_gsr_y,2191
46,1,2,gsr_y,1.264,0.033,46_gsr_y,2192
47,1,1,gsr_y,-0.807,0.033,47_gsr_y,2193
47,1,2,gsr_y,-1.549,0.033,47_gsr_y,2194
48,1,1,gsr_y,0.503,0.033,48_gsr_y,2195
48,1,2,gsr_y,-1.546,0.033,48_gsr_y,2196
49,1,1,gsr_y,0.923,0.033,49_gsr_y,2197
49,1,2,gsr_y,-0.424,0.033,49_gsr_y,2198
50,1,1,gsr_y,-0.077,0.033,50_gsr_y,2199
50,1,2,gsr_y,-0.145,0.033,50_gsr_y,2200
51,1,1,gsr_y,-0.478,0.033,51_gsr_y,2201
51,1,2,gsr_y,-0.252,0.033,51_gsr_y,2202
52,1,1,gsr_y,-0.414,0.033,52_gsr_y,2203
52,1,2,gsr_y,1.589,0.033,52_gsr_y,2204
53,1,1,gsr_y,-0.51,0.033,53_gsr_y,2205
53,1,2,gsr_y,-1.252,0.033,53_gsr_y,2206
54,1,1,gsr_y,1.234,0.033,54_gsr_y,2207
54,1,2,gsr_y,0.167,0.033,54_gsr_y,2208
55,1,1,gsr_y,1.657,0.033,55_gsr_y,2209
55,1,2,gsr_y,-0.326,0.033,55_gsr_y,2210
56,1,1,gsr_y,-0.118,0.033,56_gsr_y,2211
56,1,2,gsr_y,0.633,0.033,56_gsr_y,2212
57,1,1,gsr_y,1.662,0.033,57_gsr_y,2213
57,1,2,gsr_y,-1.475,0.033,57_gsr_y,2214
58,1,1,gsr_y,-1.35,0.033,58_gsr_y,2215
58,1,2,gsr_y,-1.41,0.033,58_gsr_y,2216
59,1,1,gsr_y,-1.071,0.033,59_gsr_y,2217
59,1,2,gsr_y,0.991,0.033,59_gsr_y,2218
60,1,1,gsr_y,-1.255,0.033,60_gsr_y,2219
60,1,2,gsr_y,0.26,0.033,60_gsr_y,2220
61,1,1,gsr_y,-0.828,0.033,61_gsr_y,2221
61,1,2,gsr_y,1.206,0.033,61_gsr_y,2222
62,1,1,gsr_y,-1.404,0.033,62_gsr_y,2223
62,1,2,gsr_y,-1.07,0.033,62_gsr_y,2224
63,1,1,gsr_y,1.734,0.033,63_gsr_y,2225
63,1,2,gsr_y,-1.446,0.033,63_gsr_y,2226
64,1,1,gsr_y,-1.019,0.033,64_gsr_y,2227
64,1,2,gsr_y,-0.791,0.033,64_gsr_y,2228
65,1,1,gsr_y,-0.599,0.033,65_gsr_y,2229
65,1,2,gsr_y,0.688,0.033,65_gsr_y,2230
66,1,1,gsr_y,0.013,0.033,66_gsr_y,2231
66,1,2,gsr_y,0.163,0.033,66_gsr_y,2232
67,1,1,gsr_y,1.741,0.033,67_gsr_y,2233
67,1,2,gsr_y,-1.578,0.033,67_gsr_y,2234
68,1,1,gsr_y,0.892,0.033,68_gsr_y,2235
68,1,2,gsr_y,1.15,0.033,68_gsr_y,2236
69,1,1,gsr_y,0.946,0.033,69_gsr_y,2237
69,1,2,gsr_y,0.787,0.033,69_gsr_y,2238
70,1,1,gsr_y,1.242,0.033,70_gsr_y,2239
70,1,2,gsr_y,-0.488,0.033,70_gsr_y,2240
71,1,1,gsr_y,-1.181,0.033,71_gsr_y,2241
71,1,2,gsr_y,1.791,0.033,71_gsr_y,2242
72,1,1,gsr_y,-1.056,0.033,72_gsr_y,2243
72,1,2,gsr_y,0.028,0.033,72_gsr_y,2244
73,1,1,gsr_y,-1.049,0.033,73_gsr_y,2245
73,1,2,gsr_y,0.652,0.033,73_gsr_y,2246
74,1,1,gsr_y,-0.868,0.033,74_gsr_y,2247
74,1,2,gsr_y,-1.273,0.033,74_gsr_y,2248
75,1,1,gsr_y,-0.956,0.033,75_gsr_y,2249
75,1,2,gsr_y,-0.849,0.033,75_gsr_y,2250
76,1,1,gsr_y,-0.672,0.033,76_gsr_y,2251
76,1,2,gsr_y,-1.005,0.033,76_gsr_y,2252
77,1,1,gsr_y,-1.032,0.033,77_gsr_y,2253
77,1,2,gsr_y,-0.548,0.033,77_gsr_y,2254
78,1,1,gsr_y,1.715,0.033,78_gsr_y,2255
78,1,2,gsr_y,-0.706,0.033,78_gsr_y,2256
79,1,1,gsr_y,1.551,0.033,79_gsr_y,2257
79,1,2,gsr_y,1.015,0.033,79_gsr_y,2258
80,1,1,gsr_y,-0.56,0.033,80_gsr_y,2259
80,1,2,gsr_y,0.046,0.033,80_gsr_y,2260
81,1,1,gsr_y,-0.934,0.033,81_gsr_y,2261
81,1,2,gsr_y,0.874,0.033,81_gsr_y,2262
82,1,1,gsr_y,1.313,0.033,82_gsr_y,2263
82,1,2,gsr_y,0.713,0.033,82_gsr_y,2264
83,1,1,gsr_y,0.789,0.033,83_gsr_y,2265
83,1,2,gsr_y,0.293,0.033,83_gsr_y,2266
84,1,1,gsr_y,-0.725,0.033,84_gsr_y,2267
84,1,2,gsr_y,1.421,0.033,84_gsr_y,2268
85,1,1,gsr_y,-0.464,0.033,85_gsr_y,2269
85,1,2,gsr_y,-0.524,0.033,85_gsr_y,2270
86,1,1,gsr_y,0.119,0.033,86_gsr_y,2271
86,1,2,gsr_y,-0.635,0.033,86_gsr_y,2272
87,1,1,gsr_y,-1.42,0.033,87_gsr_y,2273
87,1,2,gsr_y,1.37,0.033,87_gsr_y,2274
88,1,1,gsr_y,-1.106,0.033,88_gsr_y,2275
88,1,2,gsr_y,-0.464,0.033,88_gsr_y,2276
89,1,1,gsr_y,0.519,0.033,89_gsr_y,2277
89,1,2,gsr_y,0.463,0.033,89_gsr_y,2278
90,1,1,gsr_y,-0.891,0.033,90_gsr_y,2279
90,1,2,gsr_y,-0.403,0.033,90_gsr_y,2280
91,1,1,gsr_y,0.988,0.033,91_gsr_y,2281
91,1,2,gsr_y,1.331,0.033,91_gsr_y,2282
92,1,1,gsr_y,1.751,0.033,92_gsr_y,2283
92,1,2,gsr_y,-0.41,0.033,92_gsr_y,2284
93,1,1,gsr_y,0.825,0.033,93_gsr_y,2285
93,1,2,gsr_y,0.635,0.033,93_gsr_y,2286
94,1,1,gsr_y,-0.629,0.033,94_gsr_y,2287
94,1,2,gsr_y,-1.45,0.033,94_gsr_y,2288
95,1,1,gsr_y,0.831,0.033,95_gsr_y,2289
95,1,2,gsr_y,-1.518,0.033,95_gsr_y,2290
96,1,1,gsr_y,-0.928,0.033,96_gsr_y,2291
96,1,2,gsr_y,-0.113,0.033,96_gsr_y,2292
97,1,1,gsr_y,-1.337,0.033,97_gsr_y,2293
97,1,2,gsr_y,-0.507,0.033,97_gsr_y,2294
98,1,1,gsr_y,-0.077,0.033,98_gsr_y,2295
98,1,2,gsr_y,-0.364,0.033,98_gsr_y,2296
99,1,1,gsr_y,-0.509,0.033,99_gsr_y,2297
99,1,2,gsr_y,-1.124,0.033,99_gsr_y,2298
100,1,1,gsr_y,0.42,0.033,100_gsr_y,2299
100,1,2,gsr_y,-0.527,0.033,100_gsr_y,2300
101,1,1,gsr_y,1.52,0.033,101_gsr_y,2301
101,1,2,gsr_y,1.825,0.033,101_gsr_y,2302
102,1,1,gsr_y,-0.713,0.033,102_gsr_y,2303
102,1,2,gsr_y,-0.735,0.033,102_gsr_y,2304
103,1,1,gsr_y,-1.23,0.033,103_gsr_y,2305
103,1,2,gsr_y,-0.936,0.033,103_gsr_y,2306
104,1,1,gsr_y,-0.983,0.033,104_gsr_y,2307
104,1,2,gsr_y,-1.516,0.033,104_gsr_y,2308
105,1,1,gsr_y,1.128,0.033,105_gsr_y,2309
105,1,2,gsr_y,1.817,0.033,105_gsr_y,2310
106,1,1,gsr_y,0.561,0.033,106_gsr_y,2311
106,1,2,gsr_y,1.564,0.033,106_gsr_y,2312
107,1,1,gsr_y,-0.961,0.033,107_gsr_y,2313
107,1,2,gsr_y,-0.615,0.033,107_gsr_y,2314
108,1,1,gsr_y,1.016,0.033,108_gsr_y,2315
108,1,2,gsr_y,-1.408,0.033,108_gsr_y,2316
109,1,1,gsr_y,1.259,0.033,109_gsr_y,2317
109,1,2,gsr_y,0.65,0.033,109_gsr_y,2318
110,1,1,gsr_y,-1.448,0.033,110_gsr_y,2319
110,1,2,gsr_y,-1.22,0.033,110_gsr_y,2320
111,1,1,gsr_y,-1.196,0.033,111_gsr_y,2321
111,1,2,gsr_y,0.136,0.033,111_gsr_y,2322
112,1,1,gsr_y,0.968,0.033,112_gsr_y,2323
112,1,2,gsr_y,-0.934,0.033,112_gsr_y,2324
113,1,1,gsr_y,-0.099,0.033,113_gsr_y,2325
113,1,2,gsr_y,-1.121,0.033,113_gsr_y,2326
114,1,1,gsr_y,0.775,0.033,114_gsr_y,2327
114,1,2,gsr_y,-1.219,0.033,114_gsr_y,2328
115,1,1,gsr_y,-1.321,0.033,115_gsr_y,2329
115,1,2,gsr_y,0.21,0.033,115_gsr_y,2330
116,1,1,gsr_y,-1.078,0.033,116_gsr_y,2331
116,1,2,gsr_y,0.599,0.033,116_gsr_y,2332
117,1,1,gsr_y,0.131,0.033,117_gsr_y,2333
117,1,2,gsr_y,-0.53,0.033,117_gsr_y,2334
118,1,1,gsr_y,-0.872,0.033,118_gsr_y,2335
118,1,2,gsr_y,-0.647,0.033,118_gsr_y,2336
119,1,1,gsr_y,-0.646,0.033,119_gsr_y,2337
119,1,2,gsr_y,-0.658,0.033,119_gsr_y,2338
120,1,1,gsr_y,-0.422,0.033,120_gsr_y,2339
120,1,2,gsr_y,1.42,0.033,120_gsr_y,2340
121,1,1,gsr_y,0.037,0.033,121_gsr_y,2341
121,1,2,gsr_y,0.233,0.033,121_gsr_y,2342
122,1,1,gsr_y,-1.555,0.033,122_gsr_y,2343
122,1,2,gsr_y,-0.447,0.033,122_gsr_y,2344
123,1,1,gsr_y,1.063,0.033,123_gsr_y,2345
123,1,2,gsr_y,-0.098,0.033,123_gsr_y,2346
124,1,1,gsr_y,1.257,0.033,124_gsr_y,2347
124,1,2,gsr_y,-0.363,0.033,124_gsr_y,2348
125,1,1,gsr_y,1.622,0.033,125_gsr_y,2349
125,1,2,gsr_y,0.159,0.033,125_gsr_y,2350
126,1,1,gsr_y,1.757,0.033,126_gsr_y,2351
126,1,2,gsr_y,-0.639,0.033,126_gsr_y,2352
127,1,1,gsr_y,0.866,0.033,127_gsr_y,2353
127,1,2,gsr_y,0.496,0.033,127_gsr_y,2354
128,1,1,gsr_y,-0.748,0.033,128_gsr_y,2355
128,1,2,gsr_y,1.547,0.033,128_gsr_y,2356
129,1,1,gsr_y,-0.703,0.033,129_gsr_y,2357
129,1,2,gsr_y,1.238,0.033,129_gsr_y,2358
130,1,1,gsr_y,0.701,0.033,130_gsr_y,2359
130,1,2,gsr_y,0.598,0.033,130_gsr_y,2360
131,1,1,gsr_y,-0.362,0.033,131_gsr_y,2361
131,1,2,gsr_y,1.509,0.033,131_gsr_y,2362
132,1,1,gsr_y,0.747,0.033,132_gsr_y,2363
132,1,2,gsr_y,-0.178,0.033,132_gsr_y,2364
133,1,1,gsr_y,-1.48,0.033,133_gsr_y,2365
133,1,2,gsr_y,1.255,0.033,133_gsr_y,2366
134,1,1,gsr_y,0.625,0.033,134_gsr_y,2367
134,1,2,gsr_y,-0.043,0.033,134_gsr_y,2368
135,1,1,gsr_y,-1.506,0.033,135_gsr_y,2369
135,1,2,gsr_y,-1.088,0.033,135_gsr_y,2370
136,1,1,gsr_y,-1.583,0.033,136_gsr_y,2371
136,1,2,gsr_y,-1.076,0.033,136_gsr_y,2372
137,1,1,gsr_y,0.804,0.033,137_gsr_y,2373
137,1,2,gsr_y,0.233,0.033,137_gsr_y,2374
138,1,1,gsr_y,-0.519,0.033,138_gsr_y,2375
138,1,2,gsr_y,1.142,0.033,138_gsr_y,2376
139,1,1,gsr_y,0.222,0.033,139_gsr_y,2377
139,1,2,gsr_y,-0.994,0.033,139_gsr_y,2378
140,1,1,gsr_y,1.01,0.033,140_gsr_y,2379
140,1,2,gsr_y,1.456,0.033,140_gsr_y,2380
141,1,1,gsr_y,0.741,0.033,141_gsr_y,2381
141,1,2,gsr_y,0.022,0.033,141_gsr_y,2382
142,1,1,gsr_y,0.938,0.033,142_gsr_y,2383
142,1,2,gsr_y,0.902,0.033,142_gsr_y,2384
143,1,1,gsr_y,0.764,0.033,143_gsr_y,2385
143,1,2,gsr_y,1.636,0.033,143_gsr_y,2386
144,1,1,gsr_y,0.863,0.033,144_gsr_y,2387
144,1,2,gsr_y,-1.046,0.033,144_gsr_y,2388
145,1,1,gsr_y,-0.586,0.033,145_gsr_y,2389
145,1,2,gsr_y,1.417,0.033,145_gsr_y,2390
146,1,1,gsr_y,0.645,0.033,146_gsr_y,2391
146,1,2,gsr_y,1.149,0.033,146_gsr_y,2392
147,1,1,gsr_y,-1.216,0.033,147_gsr_y,2393
147,1,2,gsr_y,1.015,0.033,147_gsr_y,2394
148,1,1,gsr_y,-0.026,0.033,148_gsr_y,2395
148,1,2,gsr_y,0.279,0.033,148_gsr_y,2396
149,1,1,gsr_y,-1.543,0.033,149_gsr_y,2397
149,1,2,gsr_y,0.523,0.033,149_gsr_y,2398
150,1,1,gsr_y,1.673,0.033,150_gsr_y,2399
150,1,2,gsr_y,-0.685,0.033,150_gsr_y,2400
1,1,1,tsnr,-1.172,192.259,1_tsnr,2401
1,1,2,tsnr,-1.081,192.259,1_tsnr,2402
2,1,1,tsnr,-1.132,192.259,2_tsnr,2403
2,1,2,tsnr,-0.107,192.259,2_tsnr,2404
3,1,1,tsnr,-1.088,192.259,3_tsnr,2405
3,1,2,tsnr,-0.041,192.259,3_tsnr,2406
4,1,1,tsnr,1.578,192.259,4_tsnr,2407
4,1,2,tsnr,1.478,192.259,4_tsnr,2408
5,1,1,tsnr,-0.731,192.259,5_tsnr,2409
5,1,2,tsnr,-1.19,192.259,5_tsnr,2410
6,1,1,tsnr,1.16,192.259,6_tsnr,2411
6,1,2,tsnr,0.443,192.259,6_tsnr,2412
7,1,1,tsnr,-0.797,192.259,7_tsnr,2413
7,1,2,tsnr,0.735,192.259,7_tsnr,2414
8,1,1,tsnr,1.5,192.259,8_tsnr,2415
8,1,2,tsnr,-0.484,192.259,8_tsnr,2416
9,1,1,tsnr,-1.286,192.259,9_tsnr,2417
9,1,2,tsnr,1.022,192.259,9_tsnr,2418
10,1,1,tsnr,-0.103,192.259,10_tsnr,2419
10,1,2,tsnr,-0.595,192.259,10_tsnr,2420
11,1,1,tsnr,-0.93,192.259,11_tsnr,2421
11,1,2,tsnr,0.957,192.259,11_tsnr,2422
12,1,1,tsnr,0.582,192.259,12_tsnr,2423
12,1,2,tsnr,-0.193,192.259,12_tsnr,2424
13,1,1,tsnr,0.928,192.259,13_tsnr,2425
13,1,2,tsnr,1.341,192.259,13_tsnr,2426
14,1,1,tsnr,0.304,192.259,14_tsnr,2427
14,1,2,tsnr,-0.773,192.259,14_tsnr,2428
15,1,1,tsnr,-1.251,192.259,15_tsnr,2429
15,1,2,tsnr,1.503,192.259,15_tsnr,2430
16,1,1,tsnr,-0.01,192.259,16_tsnr,2431
16,1,2,tsnr,-0.805,192.259,16_tsnr,2432
17,1,1,tsnr,-0.434,192.259,17_tsnr,2433
17,1,2,tsnr,0.575,192.259,17_tsnr,2434
18,1,1,tsnr,0.323,192.259,18_tsnr,2435
18,1,2,tsnr,-1.472,192.259,18_tsnr,2436
19,1,1,tsnr,-0.465,192.259,19_tsnr,2437
19,1,2,tsnr,-0.964,192.259,19_tsnr,2438
20,1,1,tsnr,-0.515,192.259,20_tsnr,2439
20,1,2,tsnr,-1.017,192.259,20_tsnr,2440
21,1,1,tsnr,1.401,192.259,21_tsnr,2441
21,1,2,tsnr,-1.098,192.259,21_tsnr,2442
22,1,1,tsnr,-0.909,192.259,22_tsnr,2443
22,1,2,tsnr,0.748,192.259,22_tsnr,2444
23,1,1,tsnr,1.025,192.259,23_tsnr,2445
23,1,2,tsnr,-0.592,192.259,23_tsnr,2446
24,1,1,tsnr,-0.757,192.259,24_tsnr,2447
24,1,2,tsnr,-1.51,192.259,24_tsnr,2448
25,1,1,tsnr,1.124,192.259,25_tsnr,2449
25,1,2,tsnr,0.017,192.259,25_tsnr,2450
26,1,1,tsnr,1.516,192.259,26_tsnr,2451
26,1,2,tsnr,-1.135,192.259,26_tsnr,2452
27,1,1,tsnr,1.332,192.259,27_tsnr,2453
27,1,2,tsnr,0.408,192.259,27_tsnr,2454
28,1,1,tsnr,-1.373,192.259,28_tsnr,2455
28,1,2,tsnr,-0.515,192.259,28_tsnr,2456
29,1,1,tsnr,-1.431,192.259,29_tsnr,2457
29,1,2,tsnr,-0.011,192.259,29_tsnr,2458
30,1,1,tsnr,0.65,192.259,30_tsnr,2459
30,1,2,tsnr,0.332,192.259,30_tsnr,2460
31,1,1,tsnr,-1.006,192.259,31_tsnr,2461
31,1,2,tsnr,0.201,192.259,31_tsnr,2462
32,1,1,tsnr,0.419,192.259,32_tsnr,2463
32,1,2,tsnr,-0.271,192.259,32_tsnr,2464
33,1,1,tsnr,0.099,192.259,33_tsnr,2465
33,1,2,tsnr,-1.265,192.259,33_tsnr,2466
34,1,1,tsnr,-0.314,192.259,34_tsnr,2467
34,1,2,tsnr,-1.49,192.259,34_tsnr,2468
35,1,1,tsnr,1.728,192.259,35_tsnr,2469
35,1,2,tsnr,-0.039,192.259,35_tsnr,2470
36,1,1,tsnr,-1.395,192.259,36_tsnr,2471
36,1,2,tsnr,-0.507,192.259,36_tsnr,2472
37,1,1,tsnr,0.586,192.259,37_tsnr,2473
37,1,2,tsnr,1.188,192.259,37_tsnr,2474
38,1,1,tsnr,-1.009,192.259,38_tsnr,2475
38,1,2,tsnr,-0.261,192.259,38_tsnr,2476
39,1,1,tsnr,-1.334,192.259,39_tsnr,2477
39,1,2,tsnr,-0.425,192.259,39_tsnr,2478
40,1,1,tsnr,-0.701,192.259,40_tsnr,2479
40,1,2,tsnr,-0.962,192.259,40_tsnr,2480
41,1,1,tsnr,1.517,192.259,41_tsnr,2481
41,1,2,tsnr,-1.439,192.259,41_tsnr,2482
42,1,1,tsnr,-0.251,192.259,42_tsnr,2483
42,1,2,tsnr,-0.634,192.259,42_tsnr,2484
43,1,1,tsnr,1.647,192.259,43_tsnr,2485
43,1,2,tsnr,0.596,192.259,43_tsnr,2486
44,1,1,tsnr,1.058,192.259,44_tsnr,2487
44,1,2,tsnr,-0.552,192.259,44_tsnr,2488
45,1,1,tsnr,0.949,192.259,45_tsnr,2489
45,1,2,tsnr,-0.059,192.259,45_tsnr,2490
46,1,1,tsnr,0.995,192.259,46_tsnr,2491
46,1,2,tsnr,1.785,192.259,46_tsnr,2492
47,1,1,tsnr,-0.522,192.259,47_tsnr,2493
47,1,2,tsnr,-1.096,192.259,47_tsnr,2494
48,1,1,tsnr,-1.259,192.259,48_tsnr,2495
48,1,2,tsnr,1.735,192.259,48_tsnr,2496
49,1,1,tsnr,-0.013,192.259,49_tsnr,2497
49,1,2,tsnr,-0.63,192.259,49_tsnr,2498
50,1,1,tsnr,-1.503,192.259,50_tsnr,2499
50,1,2,tsnr,-1.537,192.259,50_tsnr,2500
51,1,1,tsnr,-1.162,192.259,51_tsnr,2501
51,1,2,tsnr,-0.574,192.259,51_tsnr,2502
52,1,1,tsnr,-0.791,192.259,52_tsnr,2503
52,1,2,tsnr,-0.785,192.259,52_tsnr,2504
53,1,1,tsnr,1.476,192.259,53_tsnr,2505
53,1,2,tsnr,-0.067,192.259,53_tsnr,2506
54,1,1,tsnr,1.724,192.259,54_tsnr,2507
54,1,2,tsnr,1.619,192.259,54_tsnr,2508
55,1,1,tsnr,-0.178,192.259,55_tsnr,2509
55,1,2,tsnr,-0.341,192.259,55_tsnr,2510
56,1,1,tsnr,-1.294,192.259,56_tsnr,2511
56,1,2,tsnr,0.814,192.259,56_tsnr,2512
57,1,1,tsnr,-0.109,192.259,57_tsnr,2513
57,1,2,tsnr,-0.707,192.259,57_tsnr,2514
58,1,1,tsnr,-1.385,192.259,58_tsnr,2515
58,1,2,tsnr,0.75,192.259,58_tsnr,2516
59,1,1,tsnr,1.792,192.259,59_tsnr,2517
59,1,2,tsnr,0.304,192.259,59_tsnr,2518
60,1,1,tsnr,0.773,192.259,60_tsnr,2519
60,1,2,tsnr,-0.219,192.259,60_tsnr,2520
61,1,1,tsnr,0.426,192.259,61_tsnr,2521
61,1,2,tsnr,-1.231,192.259,61_tsnr,2522
62,1,1,tsnr,0.602,192.259,62_tsnr,2523
62,1,2,tsnr,0.564,192.259,62_tsnr,2524
63,1,1,tsnr,0.261,192.259,63_tsnr,2525
63,1,2,tsnr,-1.559,192.259,63_tsnr,2526
64,1,1,tsnr,1.467,192.259,64_tsnr,2527
64,1,2,tsnr,1.213,192.259,64_tsnr,2528
65,1,1,tsnr,1.449,192.259,65_tsnr,2529
65,1,2,tsnr,1.194,192.259,65_tsnr,2530
66,1,1,tsnr,0.014,192.259,66_tsnr,2531
66,1,2,tsnr,1.791,192.259,66_tsnr,2532
67,1,1,tsnr,1.355,192.259,67_tsnr,2533
67,1,2,tsnr,-0.675,192.259,67_tsnr,2534
68,1,1,tsnr,1.138,192.259,68_tsnr,2535
68,1,2,tsnr,-0.39,192.259,68_tsnr,2536
69,1,1,tsnr,0.549,192.259,69_tsnr,2537
69,1,2,tsnr,-0.639,192.259,69_tsnr,2538
70,1,1,tsnr,-0.681,192.259,70_tsnr,2539
70,1,2,tsnr,-0.124,192.259,70_tsnr,2540
71,1,1,tsnr,0.211,192.259,71_tsnr,2541
71,1,2,tsnr,0.536,192.259,71_tsnr,2542
72,1,1,tsnr,0.832,192.259,72_tsnr,2543
72,1,2,tsnr,-1.575,192.259,72_tsnr,2544
73,1,1,tsnr,1.137,192.259,73_tsnr,2545
73,1,2,tsnr,0.503,192.259,73_tsnr,2546
74,1,1,tsnr,0.436,192.259,74_tsnr,2547
74,1,2,tsnr,0.947,192.259,74_tsnr,2548
75,1,1,tsnr,1.025,192.259,75_tsnr,2549
75,1,2,tsnr,-0.77,192.259,75_tsnr,2550
76,1,1,tsnr,1.08,192.259,76_tsnr,2551
76,1,2,tsnr,1.011,192.259,76_tsnr,2552
77,1,1,tsnr,-0.957,192.259,77_tsnr,2553
77,1,2,tsnr,1.239,192.259,77_tsnr,2554
78,1,1,tsnr,0.769,192.259,78_tsnr,2555
78,1,2,tsnr,-1.336,192.259,78_tsnr,2556
79,1,1,tsnr,-1.601,192.259,79_tsnr,2557
79,1,2,tsnr,0.722,192.259,79_tsnr,2558
80,1,1,tsnr,1.153,192.259,80_tsnr,2559
80,1,2,tsnr,1.02,192.259,80_tsnr,2560
81,1,1,tsnr,-1.303,192.259,81_tsnr,2561
81,1,2,tsnr,0.455,192.259,81_tsnr,2562
82,1,1,tsnr,-0.844,192.259,82_tsnr,2563
82,1,2,tsnr,-0.259,192.259,82_tsnr,2564
83,1,1,tsnr,1.466,192.259,83_tsnr,2565
83,1,2,tsnr,-1.137,192.259,83_tsnr,2566
84,1,1,tsnr,-1.151,192.259,84_tsnr,2567
84,1,2,tsnr,0.31,192.259,84_tsnr,2568
85,1,1,tsnr,-1.61,192.259,85_tsnr,2569
85,1,2,tsnr,0.292,192.259,85_tsnr,2570
86,1,1,tsnr,0.491,192.259,86_tsnr,2571
86,1,2,tsnr,1.737,192.259,86_tsnr,2572
87,1,1,tsnr,0.819,192.259,87_tsnr,2573
87,1,2,tsnr,-0.605,192.259,87_tsnr,2574
88,1,1,tsnr,-0.279,192.259,88_tsnr,2575
88,1,2,tsnr,1.828,192.259,88_tsnr,2576
89,1,1,tsnr,-0.353,192.259,89_tsnr,2577
89,1,2,tsnr,1.223,192.259,89_tsnr,2578
90,1,1,tsnr,-0.175,192.259,90_tsnr,2579
90,1,2,tsnr,0.358,192.259,90_tsnr,2580
91,1,1,tsnr,-1.528,192.259,91_tsnr,2581
91,1,2,tsnr,1.611,192.259,91_tsnr,2582
92,1,1,tsnr,-0.092,192.259,92_tsnr,2583
92,1,2,tsnr,-1.044,192.259,92_tsnr,2584
93,1,1,tsnr,-1.32,192.259,93_tsnr,2585
93,1,2,tsnr,-1.56,192.259,93_tsnr,2586
94,1,1,tsnr,0.552,192.259,94_tsnr,2587
94,1,2,tsnr,0.604,192.259,94_tsnr,2588
95,1,1,tsnr,0.718,192.259,95_tsnr,2589
95,1,2,tsnr,0.846,192.259,95_tsnr,2590
96,1,1,tsnr,0.216,192.259,96_tsnr,2591
96,1,2,tsnr,1.57,192.259,96_tsnr,2592
97,1,1,tsnr,-1.0,192.259,97_tsnr,2593
97,1,2,tsnr,-0.424,192.259,97_tsnr,2594
98,1,1,tsnr,-1.366,192.259,98_tsnr,2595
98,1,2,tsnr,-0.978,192.259,98_tsnr,2596
99,1,1,tsnr,0.636,192.259,99_tsnr,2597
99,1,2,tsnr,-0.781,192.259,99_tsnr,2598
100,1,1,tsnr,0.785,192.259,100_tsnr,2599
100,1,2,tsnr,0.515,192.259,100_tsnr,2600
101,1,1,tsnr,1.544,192.259,101_tsnr,2601
101,1,2,tsnr,1.141,192.259,101_tsnr,2602
102,1,1,tsnr,-0.18,192.259,102_tsnr,2603
102,1,2,tsnr,-0.028,192.259,102_tsnr,2604
103,1,1,tsnr,-1.335,192.259,103_tsnr,2605
103,1,2,tsnr,0.799,192.259,103_tsnr,2606
104,1,1,tsnr,-1.501,192.259,104_tsnr,2607
104,1,2,tsnr,-1.097,192.259,104_tsnr,2608
105,1,1,tsnr,1.17,192.259,105_tsnr,2609
105,1,2,tsnr,-1.355,192.259,105_tsnr,2610
106,1,1,tsnr,1.214,192.259,106_tsnr,2611
106,1,2,tsnr,0.022,192.259,106_tsnr,2612
107,1,1,tsnr,1.465,192.259,107_tsnr,2613
107,1,2,tsnr,0.424,192.259,107_tsnr,2614
108,1,1,tsnr,-0.099,192.259,108_tsnr,2615
108,1,2,tsnr,1.061,192.259,108_tsnr,2616
109,1,1,tsnr,1.245,192.259,109_tsnr,2617
109,1,2,tsnr,-1.1,192.259,109_tsnr,2618
110,1,1,tsnr,-0.793,192.259,110_tsnr,2619
110,1,2,tsnr,0.09,192.259,110_tsnr,2620
111,1,1,tsnr,1.019,192.259,111_tsnr,2621
111,1,2,tsnr,-1.126,192.259,111_tsnr,2622
112,1,1,tsnr,0.814,192.259,112_tsnr,2623
112,1,2,tsnr,-1.354,192.259,112_tsnr,2624
113,1,1,tsnr,0.536,192.259,113_tsnr,2625
113,1,2,tsnr,-0.871,192.259,113_tsnr,2626
114,1,1,tsnr,-1.61,192.259,114_tsnr,2627
114,1,2,tsnr,1.548,192.259,114_tsnr,2628
115,1,1,tsnr,1.008,192.259,115_tsnr,2629
115,1,2,tsnr,-0.433,192.259,115_tsnr,2630
116,1,1,tsnr,0.499,192.259,116_tsnr,2631
116,1,2,tsnr,-0.627,192.259,116_tsnr,2632
117,1,1,tsnr,-0.101,192.259,117_tsnr,2633
117,1,2,tsnr,1.722,192.259,117_tsnr,2634
118,1,1,tsnr,0.904,192.259,118_tsnr,2635
118,1,2,tsnr,-0.226,192.259,118_tsnr,2636
119,1,1,tsnr,-1.138,192.259,119_tsnr,2637
119,1,2,tsnr,-0.602,192.259,119_tsnr,2638
120,1,1,tsnr,0.784,192.259,120_tsnr,2639
120,1,2,tsnr,-1.194,192.259,120_tsnr,2640
121,1,1,tsnr,0.859,192.259,121_tsnr,2641
121,1,2,tsnr,0.648,192.259,121_tsnr,2642
122,1,1,tsnr,0.529,192.259,122_tsnr,2643
122,1,2,tsnr,-1.258,192.259,122_tsnr,2644
123,1,1,tsnr,-0.803,192.259,123_tsnr,2645
123,1,2,tsnr,-1.588,192.259,123_tsnr,2646
124,1,1,tsnr,-0.159,192.259,124_tsnr,2647
124,1,2,tsnr,-0.428,192.259,124_tsnr,2648
125,1,1,tsnr,-0.428,192.259,125_tsnr,2649
125,1,2,tsnr,0.985,192.259,125_tsnr,2650
126,1,1,tsnr,0.035,192.259,126_tsnr,2651
126,1,2,tsnr,-0.864,192.259,126_tsnr,2652
127,1,1,tsnr,-1.012,192.259,127_tsnr,2653
127,1,2,tsnr,1.423,192.259,127_tsnr,2654
128,1,1,tsnr,-0.066,192.259,128_tsnr,2655
128,1,2,tsnr,0.549,192.259,128_tsnr,2656
129,1,1,tsnr,0.463,192.259,129_tsnr,2657
129,1,2,tsnr,0.378,192.259,129_tsnr,2658
130,1,1,tsnr,-0.781,192.259,130_tsnr,2659
130,1,2,tsnr,1.553,192.259,130_tsnr,2660
131,1,1,tsnr,1.248,192.259,131_tsnr,2661
131,1,2,tsnr,-0.359,192.259,131_tsnr,2662
132,1,1,tsnr,1.246,192.259,132_tsnr,2663
132,1,2,tsnr,-1.473,192.259,132_tsnr,2664
133,1,1,tsnr,-0.286,192.259,133_tsnr,2665
133,1,2,tsnr,-1.168,192.259,133_tsnr,2666
134,1,1,tsnr,-1.232,192.259,134_tsnr,2667
134,1,2,tsnr,-1.613,192.259,134_tsnr,2668
135,1,1,tsnr,-1.225,192.259,135_tsnr,2669
135,1,2,tsnr,-0.132,192.259,135_tsnr,2670
136,1,1,tsnr,0.456,192.259,136_tsnr,2671
136,1,2,tsnr,-1.011,192.259,136_tsnr,2672
137,1,1,tsnr,0.859,192.259,137_tsnr,2673
137,1,2,tsnr,0.277,192.259,137_tsnr,2674
138,1,1,tsnr,0.483,192.259,138_tsnr,2675
138,1,2,tsnr,-0.829,192.259,138_tsnr,2676
139,1,1,tsnr,-0.727,192.259,139_tsnr,2677
139,1,2,tsnr,-1.373,192.259,139_tsnr,2678
140,1,1,tsnr,1.282,192.259,140_tsnr,2679
140,1,2,tsnr,-0.501,192.259,140_tsnr,2680
141,1,1,tsnr,1.728,192.259,141_tsnr,2681
141,1,2,tsnr,-0.401,192.259,141_tsnr,2682
142,1,1,tsnr,-0.016,192.259,142_tsnr,2683
142,1,2,tsnr,0.991,192.259,142_tsnr,2684
143,1,1,tsnr,0.701,192.259,143_tsnr,2685
143,1,2,tsnr,1.818,192.259,143_tsnr,2686
144,1,1,tsnr,-0.615,192.259,144_tsnr,2687
144,1,2,tsnr,0.417,192.259,144_tsnr,2688
145,1,1,tsnr,0.211,192.259,145_tsnr,2689
145,1,2,tsnr,-0.546,192.259,145_tsnr,2690
146,1,1,tsnr,-1.456,192.259,146_tsnr,2691
146,1,2,tsnr,1.82,192.259,146_tsnr,2692
147,1,1,tsnr,0.36,192.259,147_tsnr,2693
147,1,2,tsnr,-1.198,192.259,147_tsnr,2694
148,1,1,tsnr,1.411,192.259,148_tsnr,2695
148,1,2,tsnr,-1.482,192.259,148_tsnr,2696
149,1,1,tsnr,0.545,192.259,149_tsnr,2697
149,1,2,tsnr,-1.389,192.259,149_tsnr,2698
150,1,1,tsnr,-1.159,192.259,150_tsnr,2699
150,1,2,tsnr,-0.956,192.259,150_tsnr,2700
